--PAGINA 2 Y 3
INSERT INTO dcollectdb.dc_account (id,name,page,dc_record_status_id) VALUES (237,'Total de Gastos semifijos','2 y 3',1);
INSERT INTO dcollectdb.dc_account_x_component (dc_account_id,dc_account_component_id) VALUES (237,5);
INSERT INTO dcollectdb.dc_account_relationship(dc_account_parent_id,dc_account_child_id,order_view) VALUES (207,237,6);

INSERT INTO dcollectdb.dc_account (id,name,account_number,page,dc_record_status_id) VALUES (238,'Gastos de vehiculos de la compañia','051','2 y 3',1);
INSERT INTO dcollectdb.dc_account_x_component (dc_account_id,dc_account_component_id) VALUES (238,5);
INSERT INTO dcollectdb.dc_account_relationship(dc_account_parent_id,dc_account_child_id,order_view) VALUES (237,238,1);

INSERT INTO dcollectdb.dc_account (id,name,account_number,page,dc_record_status_id) VALUES (239,'Papeleria y art de Oficina','060','2 y 3',1);
INSERT INTO dcollectdb.dc_account_x_component (dc_account_id,dc_account_component_id) VALUES (239,5);
INSERT INTO dcollectdb.dc_account_relationship(dc_account_parent_id,dc_account_child_id,order_view) VALUES (237,239,2);

INSERT INTO dcollectdb.dc_account (id,name,account_number,page,dc_record_status_id) VALUES (240,'Otros suministros y Herramientas','061','2 y 3',1);
INSERT INTO dcollectdb.dc_account_x_component (dc_account_id,dc_account_component_id) VALUES (240,5);
INSERT INTO dcollectdb.dc_account_relationship(dc_account_parent_id,dc_account_child_id,order_view) VALUES (237,240,3);

INSERT INTO dcollectdb.dc_account (id,name,account_number,page,dc_record_status_id) VALUES (241,'Publicidad servicio, carrocerias, ref y acc','062','2 y 3',1);
INSERT INTO dcollectdb.dc_account_x_component (dc_account_id,dc_account_component_id) VALUES (241,5);
INSERT INTO dcollectdb.dc_account_relationship(dc_account_parent_id,dc_account_child_id,order_view) VALUES (237,241,4);

INSERT INTO dcollectdb.dc_account (id,name,account_number,page,dc_record_status_id) VALUES (242,'Cuentas malas','063','2 y 3',1);
INSERT INTO dcollectdb.dc_account_x_component (dc_account_id,dc_account_component_id) VALUES (242,5);
INSERT INTO dcollectdb.dc_account_relationship(dc_account_parent_id,dc_account_child_id,order_view) VALUES (237,242,5);

INSERT INTO dcollectdb.dc_account (id,name,account_number,page,dc_record_status_id) VALUES (243,'Donativos','066','2 y 3',1);
INSERT INTO dcollectdb.dc_account_x_component (dc_account_id,dc_account_component_id) VALUES (243,5);
INSERT INTO dcollectdb.dc_account_relationship(dc_account_parent_id,dc_account_child_id,order_view) VALUES (237,243,6);

INSERT INTO dcollectdb.dc_account (id,name,account_number,page,dc_record_status_id) VALUES (244,'Gastos de Garantias','067','2 y 3',1);
INSERT INTO dcollectdb.dc_account_x_component (dc_account_id,dc_account_component_id) VALUES (244,5);
INSERT INTO dcollectdb.dc_account_relationship(dc_account_parent_id,dc_account_child_id,order_view) VALUES (237,244,7);

INSERT INTO dcollectdb.dc_account (id,name,account_number,page,dc_record_status_id) VALUES (245,'Servicios Externos','068','2 y 3',1);
INSERT INTO dcollectdb.dc_account_x_component (dc_account_id,dc_account_component_id) VALUES (245,5);
INSERT INTO dcollectdb.dc_account_relationship(dc_account_parent_id,dc_account_child_id,order_view) VALUES (237,245,8);

INSERT INTO dcollectdb.dc_account (id,name,account_number,page,dc_record_status_id) VALUES (246,'Lavanderia y uniformes','069','2 y 3',1);
INSERT INTO dcollectdb.dc_account_x_component (dc_account_id,dc_account_component_id) VALUES (246,5);
INSERT INTO dcollectdb.dc_account_relationship(dc_account_parent_id,dc_account_child_id,order_view) VALUES (237,246,9);

INSERT INTO dcollectdb.dc_account (id,name,account_number,page,dc_record_status_id) VALUES (247,'Viajes y entretenimiento','070','2 y 3',1);
INSERT INTO dcollectdb.dc_account_x_component (dc_account_id,dc_account_component_id) VALUES (247,5);
INSERT INTO dcollectdb.dc_account_relationship(dc_account_parent_id,dc_account_child_id,order_view) VALUES (237,247,10);

INSERT INTO dcollectdb.dc_account (id,name,account_number,page,dc_record_status_id) VALUES (248,'Membresia cuotas y publicaciones','071','2 y 3',1);
INSERT INTO dcollectdb.dc_account_x_component (dc_account_id,dc_account_component_id) VALUES (248,5);
INSERT INTO dcollectdb.dc_account_relationship(dc_account_parent_id,dc_account_child_id,order_view) VALUES (237,248,11);

INSERT INTO dcollectdb.dc_account (id,name,account_number,page,dc_record_status_id) VALUES (249,'Servicios legales y de auditoria','072','2 y 3',1);
INSERT INTO dcollectdb.dc_account_x_component (dc_account_id,dc_account_component_id) VALUES (249,5);
INSERT INTO dcollectdb.dc_account_relationship(dc_account_parent_id,dc_account_child_id,order_view) VALUES (237,249,12);

INSERT INTO dcollectdb.dc_account (id,name,account_number,page,dc_record_status_id) VALUES (250,'Telefonos','074','2 y 3',1);
INSERT INTO dcollectdb.dc_account_x_component (dc_account_id,dc_account_component_id) VALUES (250,5);
INSERT INTO dcollectdb.dc_account_relationship(dc_account_parent_id,dc_account_child_id,order_view) VALUES (237,250,13);

INSERT INTO dcollectdb.dc_account (id,name,account_number,page,dc_record_status_id) VALUES (251,'Correos filetes y acarreos','075','2 y 3',1);
INSERT INTO dcollectdb.dc_account_x_component (dc_account_id,dc_account_component_id) VALUES (251,5);
INSERT INTO dcollectdb.dc_account_relationship(dc_account_parent_id,dc_account_child_id,order_view) VALUES (237,251,14);

INSERT INTO dcollectdb.dc_account (id,name,account_number,page,dc_record_status_id) VALUES (252,'Entrenamiento','076','2 y 3',1);
INSERT INTO dcollectdb.dc_account_x_component (dc_account_id,dc_account_component_id) VALUES (252,5);
INSERT INTO dcollectdb.dc_account_relationship(dc_account_parent_id,dc_account_child_id,order_view) VALUES (237,252,15);

INSERT INTO dcollectdb.dc_account (id,name,account_number,page,dc_record_status_id) VALUES (253,'Servicios de procesamiento de datos','078','2 y 3',1);
INSERT INTO dcollectdb.dc_account_x_component (dc_account_id,dc_account_component_id) VALUES (253,5);
INSERT INTO dcollectdb.dc_account_relationship(dc_account_parent_id,dc_account_child_id,order_view) VALUES (237,253,16);

INSERT INTO dcollectdb.dc_account (id,name,account_number,page,dc_record_status_id) VALUES (254,'Miscelaneos','079','2 y 3',1);
INSERT INTO dcollectdb.dc_account_x_component (dc_account_id,dc_account_component_id) VALUES (254,5);
INSERT INTO dcollectdb.dc_account_relationship(dc_account_parent_id,dc_account_child_id,order_view) VALUES (237,254,17);

--A DEPTO HONDA NUEVOS
    --MES
        INSERT INTO dcollectdb.dc_account_value (id,dc_account_id,dc_type_account_value_id) VALUES (859,237,32);
        INSERT INTO dcollectdb.dc_account_value (id,dc_account_id,dc_type_account_value_id) VALUES (860,238,32);
        INSERT INTO dcollectdb.dc_account_value (id,dc_account_id,dc_type_account_value_id) VALUES (861,239,32);
        INSERT INTO dcollectdb.dc_account_value (id,dc_account_id,dc_type_account_value_id) VALUES (862,240,32);
        --INSERT INTO dcollectdb.dc_account_value (id,dc_account_id,dc_type_account_value_id) VALUES (863,241,32);
        INSERT INTO dcollectdb.dc_account_value (id,dc_account_id,dc_type_account_value_id) VALUES (864,242,32);
        INSERT INTO dcollectdb.dc_account_value (id,dc_account_id,dc_type_account_value_id) VALUES (865,243,32);
        --INSERT INTO dcollectdb.dc_account_value (id,dc_account_id,dc_type_account_value_id) VALUES (866,244,32);
        INSERT INTO dcollectdb.dc_account_value (id,dc_account_id,dc_type_account_value_id) VALUES (867,245,32);
        INSERT INTO dcollectdb.dc_account_value (id,dc_account_id,dc_type_account_value_id) VALUES (868,246,32);
        INSERT INTO dcollectdb.dc_account_value (id,dc_account_id,dc_type_account_value_id) VALUES (869,247,32);
        INSERT INTO dcollectdb.dc_account_value (id,dc_account_id,dc_type_account_value_id) VALUES (870,248,32);
        INSERT INTO dcollectdb.dc_account_value (id,dc_account_id,dc_type_account_value_id) VALUES (871,249,32);
        INSERT INTO dcollectdb.dc_account_value (id,dc_account_id,dc_type_account_value_id) VALUES (872,250,32);
        INSERT INTO dcollectdb.dc_account_value (id,dc_account_id,dc_type_account_value_id) VALUES (873,251,32);
        INSERT INTO dcollectdb.dc_account_value (id,dc_account_id,dc_type_account_value_id) VALUES (874,252,32);
        INSERT INTO dcollectdb.dc_account_value (id,dc_account_id,dc_type_account_value_id) VALUES (875,253,32);
        INSERT INTO dcollectdb.dc_account_value (id,dc_account_id,dc_type_account_value_id) VALUES (876,254,32);

        --FORMULA DE MES DE TOTAL DE GASTOS SEMIFIJOS
            INSERT INTO dcollectdb.dc_formula (id,dc_owner_account_value_id,formula) VALUES (354,859,'?+?+?+?+?+?+?+?+?+?+?+?+?+?+?');

            INSERT INTO dcollectdb.dc_formula_term (dc_formula_id,dc_account_value_term_id,order_view) VALUES (354,860,1);
            INSERT INTO dcollectdb.dc_formula_term (dc_formula_id,dc_account_value_term_id,order_view) VALUES (354,861,2);
            INSERT INTO dcollectdb.dc_formula_term (dc_formula_id,dc_account_value_term_id,order_view) VALUES (354,862,3);
            INSERT INTO dcollectdb.dc_formula_term (dc_formula_id,dc_account_value_term_id,order_view) VALUES (354,864,4);
            INSERT INTO dcollectdb.dc_formula_term (dc_formula_id,dc_account_value_term_id,order_view) VALUES (354,865,5);
            INSERT INTO dcollectdb.dc_formula_term (dc_formula_id,dc_account_value_term_id,order_view) VALUES (354,867,6);
            INSERT INTO dcollectdb.dc_formula_term (dc_formula_id,dc_account_value_term_id,order_view) VALUES (354,868,7);
            INSERT INTO dcollectdb.dc_formula_term (dc_formula_id,dc_account_value_term_id,order_view) VALUES (354,869,8);
            INSERT INTO dcollectdb.dc_formula_term (dc_formula_id,dc_account_value_term_id,order_view) VALUES (354,870,9);
            INSERT INTO dcollectdb.dc_formula_term (dc_formula_id,dc_account_value_term_id,order_view) VALUES (354,871,10);
            INSERT INTO dcollectdb.dc_formula_term (dc_formula_id,dc_account_value_term_id,order_view) VALUES (354,872,11);
            INSERT INTO dcollectdb.dc_formula_term (dc_formula_id,dc_account_value_term_id,order_view) VALUES (354,873,12);
            INSERT INTO dcollectdb.dc_formula_term (dc_formula_id,dc_account_value_term_id,order_view) VALUES (354,874,13);
            INSERT INTO dcollectdb.dc_formula_term (dc_formula_id,dc_account_value_term_id,order_view) VALUES (354,875,14);
            INSERT INTO dcollectdb.dc_formula_term (dc_formula_id,dc_account_value_term_id,order_view) VALUES (354,876,15);      

    --DEL AÑO A LA FECHA
        INSERT INTO dcollectdb.dc_account_value (id,dc_account_id,dc_type_account_value_id) VALUES (877,237,33);
        INSERT INTO dcollectdb.dc_account_value (id,dc_account_id,dc_type_account_value_id) VALUES (878,238,33);
        INSERT INTO dcollectdb.dc_account_value (id,dc_account_id,dc_type_account_value_id) VALUES (879,239,33);
        INSERT INTO dcollectdb.dc_account_value (id,dc_account_id,dc_type_account_value_id) VALUES (880,240,33);
        --INSERT INTO dcollectdb.dc_account_value (id,dc_account_id,dc_type_account_value_id) VALUES (881,241,33);
        INSERT INTO dcollectdb.dc_account_value (id,dc_account_id,dc_type_account_value_id) VALUES (882,242,33);
        INSERT INTO dcollectdb.dc_account_value (id,dc_account_id,dc_type_account_value_id) VALUES (883,243,33);
        --INSERT INTO dcollectdb.dc_account_value (id,dc_account_id,dc_type_account_value_id) VALUES (884,244,33);
        INSERT INTO dcollectdb.dc_account_value (id,dc_account_id,dc_type_account_value_id) VALUES (885,245,33);
        INSERT INTO dcollectdb.dc_account_value (id,dc_account_id,dc_type_account_value_id) VALUES (886,246,33);
        INSERT INTO dcollectdb.dc_account_value (id,dc_account_id,dc_type_account_value_id) VALUES (887,247,33);
        INSERT INTO dcollectdb.dc_account_value (id,dc_account_id,dc_type_account_value_id) VALUES (888,248,33);
        INSERT INTO dcollectdb.dc_account_value (id,dc_account_id,dc_type_account_value_id) VALUES (889,249,33);
        INSERT INTO dcollectdb.dc_account_value (id,dc_account_id,dc_type_account_value_id) VALUES (890,250,33);
        INSERT INTO dcollectdb.dc_account_value (id,dc_account_id,dc_type_account_value_id) VALUES (891,251,33);
        INSERT INTO dcollectdb.dc_account_value (id,dc_account_id,dc_type_account_value_id) VALUES (892,252,33);
        INSERT INTO dcollectdb.dc_account_value (id,dc_account_id,dc_type_account_value_id) VALUES (893,253,33);
        INSERT INTO dcollectdb.dc_account_value (id,dc_account_id,dc_type_account_value_id) VALUES (894,254,33);
        
--B OTROS VEHICULOS NUEVOS
    --MES
        INSERT INTO dcollectdb.dc_account_value (id,dc_account_id,dc_type_account_value_id,required,read_only,default_value) VALUES (895,237,35,0,1,0);
        INSERT INTO dcollectdb.dc_account_value (id,dc_account_id,dc_type_account_value_id,required,read_only,default_value) VALUES (896,238,35,0,1,0);
        INSERT INTO dcollectdb.dc_account_value (id,dc_account_id,dc_type_account_value_id,required,read_only,default_value) VALUES (897,239,35,0,1,0);
        INSERT INTO dcollectdb.dc_account_value (id,dc_account_id,dc_type_account_value_id,required,read_only,default_value) VALUES (898,240,35,0,1,0);
        --INSERT INTO dcollectdb.dc_account_value (id,dc_account_id,dc_type_account_value_id,required,read_only,default_value) VALUES (899,241,35,0,1,0);
        INSERT INTO dcollectdb.dc_account_value (id,dc_account_id,dc_type_account_value_id,required,read_only,default_value) VALUES (900,242,35,0,1,0);
        INSERT INTO dcollectdb.dc_account_value (id,dc_account_id,dc_type_account_value_id,required,read_only,default_value) VALUES (901,243,35,0,1,0);
        --INSERT INTO dcollectdb.dc_account_value (id,dc_account_id,dc_type_account_value_id,required,read_only,default_value) VALUES (902,244,35,0,1,0);
        INSERT INTO dcollectdb.dc_account_value (id,dc_account_id,dc_type_account_value_id,required,read_only,default_value) VALUES (903,245,35,0,1,0);
        INSERT INTO dcollectdb.dc_account_value (id,dc_account_id,dc_type_account_value_id,required,read_only,default_value) VALUES (904,246,35,0,1,0);
        INSERT INTO dcollectdb.dc_account_value (id,dc_account_id,dc_type_account_value_id,required,read_only,default_value) VALUES (905,247,35,0,1,0);
        INSERT INTO dcollectdb.dc_account_value (id,dc_account_id,dc_type_account_value_id,required,read_only,default_value) VALUES (906,248,35,0,1,0);
        INSERT INTO dcollectdb.dc_account_value (id,dc_account_id,dc_type_account_value_id,required,read_only,default_value) VALUES (907,249,35,0,1,0);
        INSERT INTO dcollectdb.dc_account_value (id,dc_account_id,dc_type_account_value_id,required,read_only,default_value) VALUES (908,250,35,0,1,0);
        INSERT INTO dcollectdb.dc_account_value (id,dc_account_id,dc_type_account_value_id,required,read_only,default_value) VALUES (909,251,35,0,1,0);
        INSERT INTO dcollectdb.dc_account_value (id,dc_account_id,dc_type_account_value_id,required,read_only,default_value) VALUES (910,252,35,0,1,0);
        INSERT INTO dcollectdb.dc_account_value (id,dc_account_id,dc_type_account_value_id,required,read_only,default_value) VALUES (911,253,35,0,1,0);
        INSERT INTO dcollectdb.dc_account_value (id,dc_account_id,dc_type_account_value_id,required,read_only,default_value) VALUES (912,254,35,0,1,0);

        --FORMULA DE MES DE TOTAL DE GASTOS SEMIFIJOS
            INSERT INTO dcollectdb.dc_formula (id,dc_owner_account_value_id,formula) VALUES (355,895,'?+?+?+?+?+?+?+?+?+?+?+?+?+?+?');

            INSERT INTO dcollectdb.dc_formula_term (dc_formula_id,dc_account_value_term_id,order_view) VALUES (355,896,1);
            INSERT INTO dcollectdb.dc_formula_term (dc_formula_id,dc_account_value_term_id,order_view) VALUES (355,897,2);
            INSERT INTO dcollectdb.dc_formula_term (dc_formula_id,dc_account_value_term_id,order_view) VALUES (355,898,3);
            INSERT INTO dcollectdb.dc_formula_term (dc_formula_id,dc_account_value_term_id,order_view) VALUES (355,900,4);
            INSERT INTO dcollectdb.dc_formula_term (dc_formula_id,dc_account_value_term_id,order_view) VALUES (355,901,5);
            INSERT INTO dcollectdb.dc_formula_term (dc_formula_id,dc_account_value_term_id,order_view) VALUES (355,903,6);
            INSERT INTO dcollectdb.dc_formula_term (dc_formula_id,dc_account_value_term_id,order_view) VALUES (355,904,7);
            INSERT INTO dcollectdb.dc_formula_term (dc_formula_id,dc_account_value_term_id,order_view) VALUES (355,905,8);
            INSERT INTO dcollectdb.dc_formula_term (dc_formula_id,dc_account_value_term_id,order_view) VALUES (355,906,9);
            INSERT INTO dcollectdb.dc_formula_term (dc_formula_id,dc_account_value_term_id,order_view) VALUES (355,907,10);
            INSERT INTO dcollectdb.dc_formula_term (dc_formula_id,dc_account_value_term_id,order_view) VALUES (355,908,11);
            INSERT INTO dcollectdb.dc_formula_term (dc_formula_id,dc_account_value_term_id,order_view) VALUES (355,909,12);
            INSERT INTO dcollectdb.dc_formula_term (dc_formula_id,dc_account_value_term_id,order_view) VALUES (355,910,13);
            INSERT INTO dcollectdb.dc_formula_term (dc_formula_id,dc_account_value_term_id,order_view) VALUES (355,911,14);
            INSERT INTO dcollectdb.dc_formula_term (dc_formula_id,dc_account_value_term_id,order_view) VALUES (355,912,15);  

    --DEL AÑO A LA FECHA
        INSERT INTO dcollectdb.dc_account_value (id,dc_account_id,dc_type_account_value_id,required,read_only,default_value) VALUES (913,237,36,0,1,0);
        INSERT INTO dcollectdb.dc_account_value (id,dc_account_id,dc_type_account_value_id,required,read_only,default_value) VALUES (914,238,36,0,1,0);
        INSERT INTO dcollectdb.dc_account_value (id,dc_account_id,dc_type_account_value_id,required,read_only,default_value) VALUES (915,239,36,0,1,0);
        INSERT INTO dcollectdb.dc_account_value (id,dc_account_id,dc_type_account_value_id,required,read_only,default_value) VALUES (916,240,36,0,1,0);
        --INSERT INTO dcollectdb.dc_account_value (id,dc_account_id,dc_type_account_value_id,required,read_only,default_value) VALUES (917,241,36,0,1,0);
        INSERT INTO dcollectdb.dc_account_value (id,dc_account_id,dc_type_account_value_id,required,read_only,default_value) VALUES (918,242,36,0,1,0);
        INSERT INTO dcollectdb.dc_account_value (id,dc_account_id,dc_type_account_value_id,required,read_only,default_value) VALUES (919,243,36,0,1,0);
        --INSERT INTO dcollectdb.dc_account_value (id,dc_account_id,dc_type_account_value_id,required,read_only,default_value) VALUES (920,244,36,0,1,0);
        INSERT INTO dcollectdb.dc_account_value (id,dc_account_id,dc_type_account_value_id,required,read_only,default_value) VALUES (921,245,36,0,1,0);
        INSERT INTO dcollectdb.dc_account_value (id,dc_account_id,dc_type_account_value_id,required,read_only,default_value) VALUES (922,246,36,0,1,0);
        INSERT INTO dcollectdb.dc_account_value (id,dc_account_id,dc_type_account_value_id,required,read_only,default_value) VALUES (923,247,36,0,1,0);
        INSERT INTO dcollectdb.dc_account_value (id,dc_account_id,dc_type_account_value_id,required,read_only,default_value) VALUES (924,248,36,0,1,0);
        INSERT INTO dcollectdb.dc_account_value (id,dc_account_id,dc_type_account_value_id,required,read_only,default_value) VALUES (925,249,36,0,1,0);
        INSERT INTO dcollectdb.dc_account_value (id,dc_account_id,dc_type_account_value_id,required,read_only,default_value) VALUES (926,250,36,0,1,0);
        INSERT INTO dcollectdb.dc_account_value (id,dc_account_id,dc_type_account_value_id,required,read_only,default_value) VALUES (927,251,36,0,1,0);
        INSERT INTO dcollectdb.dc_account_value (id,dc_account_id,dc_type_account_value_id,required,read_only,default_value) VALUES (928,252,36,0,1,0);
        INSERT INTO dcollectdb.dc_account_value (id,dc_account_id,dc_type_account_value_id,required,read_only,default_value) VALUES (929,253,36,0,1,0);
        INSERT INTO dcollectdb.dc_account_value (id,dc_account_id,dc_type_account_value_id,required,read_only,default_value) VALUES (930,254,36,0,1,0);
--C DEPTO VEHICULOS USADOS
    --MES
        INSERT INTO dcollectdb.dc_account_value (id,dc_account_id,dc_type_account_value_id) VALUES (931,237,38);
        INSERT INTO dcollectdb.dc_account_value (id,dc_account_id,dc_type_account_value_id) VALUES (932,238,38);
        INSERT INTO dcollectdb.dc_account_value (id,dc_account_id,dc_type_account_value_id) VALUES (933,239,38);
        INSERT INTO dcollectdb.dc_account_value (id,dc_account_id,dc_type_account_value_id) VALUES (934,240,38);
        --INSERT INTO dcollectdb.dc_account_value (id,dc_account_id,dc_type_account_value_id) VALUES (935,241,38);
        INSERT INTO dcollectdb.dc_account_value (id,dc_account_id,dc_type_account_value_id) VALUES (936,242,38);
        INSERT INTO dcollectdb.dc_account_value (id,dc_account_id,dc_type_account_value_id) VALUES (937,243,38);
        --INSERT INTO dcollectdb.dc_account_value (id,dc_account_id,dc_type_account_value_id) VALUES (938,244,38);
        INSERT INTO dcollectdb.dc_account_value (id,dc_account_id,dc_type_account_value_id) VALUES (939,245,38);
        INSERT INTO dcollectdb.dc_account_value (id,dc_account_id,dc_type_account_value_id) VALUES (940,246,38);
        INSERT INTO dcollectdb.dc_account_value (id,dc_account_id,dc_type_account_value_id) VALUES (941,247,38);
        INSERT INTO dcollectdb.dc_account_value (id,dc_account_id,dc_type_account_value_id) VALUES (942,248,38);
        INSERT INTO dcollectdb.dc_account_value (id,dc_account_id,dc_type_account_value_id) VALUES (943,249,38);
        INSERT INTO dcollectdb.dc_account_value (id,dc_account_id,dc_type_account_value_id) VALUES (944,250,38);
        INSERT INTO dcollectdb.dc_account_value (id,dc_account_id,dc_type_account_value_id) VALUES (945,251,38);
        INSERT INTO dcollectdb.dc_account_value (id,dc_account_id,dc_type_account_value_id) VALUES (946,252,38);
        INSERT INTO dcollectdb.dc_account_value (id,dc_account_id,dc_type_account_value_id) VALUES (947,253,38);
        INSERT INTO dcollectdb.dc_account_value (id,dc_account_id,dc_type_account_value_id) VALUES (948,254,38);

        --FORMULA DE MES DE TOTAL DE GASTOS SEMIFIJOS
            INSERT INTO dcollectdb.dc_formula (id,dc_owner_account_value_id,formula) VALUES (356,931,'?+?+?+?+?+?+?+?+?+?+?+?+?+?+?');

            INSERT INTO dcollectdb.dc_formula_term (dc_formula_id,dc_account_value_term_id,order_view) VALUES (356,932,1);
            INSERT INTO dcollectdb.dc_formula_term (dc_formula_id,dc_account_value_term_id,order_view) VALUES (356,933,2);
            INSERT INTO dcollectdb.dc_formula_term (dc_formula_id,dc_account_value_term_id,order_view) VALUES (356,934,3);
            INSERT INTO dcollectdb.dc_formula_term (dc_formula_id,dc_account_value_term_id,order_view) VALUES (356,936,4);
            INSERT INTO dcollectdb.dc_formula_term (dc_formula_id,dc_account_value_term_id,order_view) VALUES (356,937,5);
            INSERT INTO dcollectdb.dc_formula_term (dc_formula_id,dc_account_value_term_id,order_view) VALUES (356,939,6);
            INSERT INTO dcollectdb.dc_formula_term (dc_formula_id,dc_account_value_term_id,order_view) VALUES (356,940,7);
            INSERT INTO dcollectdb.dc_formula_term (dc_formula_id,dc_account_value_term_id,order_view) VALUES (356,941,8);
            INSERT INTO dcollectdb.dc_formula_term (dc_formula_id,dc_account_value_term_id,order_view) VALUES (356,942,9);
            INSERT INTO dcollectdb.dc_formula_term (dc_formula_id,dc_account_value_term_id,order_view) VALUES (356,943,10);
            INSERT INTO dcollectdb.dc_formula_term (dc_formula_id,dc_account_value_term_id,order_view) VALUES (356,944,11);
            INSERT INTO dcollectdb.dc_formula_term (dc_formula_id,dc_account_value_term_id,order_view) VALUES (356,945,12);
            INSERT INTO dcollectdb.dc_formula_term (dc_formula_id,dc_account_value_term_id,order_view) VALUES (356,946,13);
            INSERT INTO dcollectdb.dc_formula_term (dc_formula_id,dc_account_value_term_id,order_view) VALUES (356,947,14);
            INSERT INTO dcollectdb.dc_formula_term (dc_formula_id,dc_account_value_term_id,order_view) VALUES (356,948,15);  

    --DEL AÑO A LA FECHA
        INSERT INTO dcollectdb.dc_account_value (id,dc_account_id,dc_type_account_value_id) VALUES (949,237,39);
        INSERT INTO dcollectdb.dc_account_value (id,dc_account_id,dc_type_account_value_id) VALUES (950,238,39);
        INSERT INTO dcollectdb.dc_account_value (id,dc_account_id,dc_type_account_value_id) VALUES (951,239,39);
        INSERT INTO dcollectdb.dc_account_value (id,dc_account_id,dc_type_account_value_id) VALUES (952,240,39);
        --INSERT INTO dcollectdb.dc_account_value (id,dc_account_id,dc_type_account_value_id) VALUES (953,241,39);
        INSERT INTO dcollectdb.dc_account_value (id,dc_account_id,dc_type_account_value_id) VALUES (954,242,39);
        INSERT INTO dcollectdb.dc_account_value (id,dc_account_id,dc_type_account_value_id) VALUES (955,243,39);
        --INSERT INTO dcollectdb.dc_account_value (id,dc_account_id,dc_type_account_value_id) VALUES (956,244,39);
        INSERT INTO dcollectdb.dc_account_value (id,dc_account_id,dc_type_account_value_id) VALUES (957,245,39);
        INSERT INTO dcollectdb.dc_account_value (id,dc_account_id,dc_type_account_value_id) VALUES (958,246,39);
        INSERT INTO dcollectdb.dc_account_value (id,dc_account_id,dc_type_account_value_id) VALUES (959,247,39);
        INSERT INTO dcollectdb.dc_account_value (id,dc_account_id,dc_type_account_value_id) VALUES (960,248,39);
        INSERT INTO dcollectdb.dc_account_value (id,dc_account_id,dc_type_account_value_id) VALUES (961,249,39);
        INSERT INTO dcollectdb.dc_account_value (id,dc_account_id,dc_type_account_value_id) VALUES (962,250,39);
        INSERT INTO dcollectdb.dc_account_value (id,dc_account_id,dc_type_account_value_id) VALUES (963,251,39);
        INSERT INTO dcollectdb.dc_account_value (id,dc_account_id,dc_type_account_value_id) VALUES (964,252,39);
        INSERT INTO dcollectdb.dc_account_value (id,dc_account_id,dc_type_account_value_id) VALUES (965,253,39);
        INSERT INTO dcollectdb.dc_account_value (id,dc_account_id,dc_type_account_value_id) VALUES (966,254,39);
--D DEPTO DE SERVICIO
    --MES
        INSERT INTO dcollectdb.dc_account_value (id,dc_account_id,dc_type_account_value_id) VALUES (967,237,41);
        INSERT INTO dcollectdb.dc_account_value (id,dc_account_id,dc_type_account_value_id) VALUES (968,238,41);
        INSERT INTO dcollectdb.dc_account_value (id,dc_account_id,dc_type_account_value_id) VALUES (969,239,41);
        INSERT INTO dcollectdb.dc_account_value (id,dc_account_id,dc_type_account_value_id) VALUES (970,240,41);
        INSERT INTO dcollectdb.dc_account_value (id,dc_account_id,dc_type_account_value_id) VALUES (971,241,41);
        INSERT INTO dcollectdb.dc_account_value (id,dc_account_id,dc_type_account_value_id) VALUES (972,242,41);
        INSERT INTO dcollectdb.dc_account_value (id,dc_account_id,dc_type_account_value_id) VALUES (973,243,41);
        INSERT INTO dcollectdb.dc_account_value (id,dc_account_id,dc_type_account_value_id) VALUES (974,244,41);
        INSERT INTO dcollectdb.dc_account_value (id,dc_account_id,dc_type_account_value_id) VALUES (975,245,41);
        INSERT INTO dcollectdb.dc_account_value (id,dc_account_id,dc_type_account_value_id) VALUES (976,246,41);
        INSERT INTO dcollectdb.dc_account_value (id,dc_account_id,dc_type_account_value_id) VALUES (977,247,41);
        INSERT INTO dcollectdb.dc_account_value (id,dc_account_id,dc_type_account_value_id) VALUES (978,248,41);
        INSERT INTO dcollectdb.dc_account_value (id,dc_account_id,dc_type_account_value_id) VALUES (979,249,41);
        INSERT INTO dcollectdb.dc_account_value (id,dc_account_id,dc_type_account_value_id) VALUES (980,250,41);
        INSERT INTO dcollectdb.dc_account_value (id,dc_account_id,dc_type_account_value_id) VALUES (981,251,41);
        INSERT INTO dcollectdb.dc_account_value (id,dc_account_id,dc_type_account_value_id) VALUES (982,252,41);
        INSERT INTO dcollectdb.dc_account_value (id,dc_account_id,dc_type_account_value_id) VALUES (983,253,41);
        INSERT INTO dcollectdb.dc_account_value (id,dc_account_id,dc_type_account_value_id) VALUES (984,254,41);    

        --FORMULA DE MES DE TOTAL DE GASTOS SEMIFIJOS
            INSERT INTO dcollectdb.dc_formula (id,dc_owner_account_value_id,formula) VALUES (357,967,'?+?+?+?+?+?+?+?+?+?+?+?+?+?+?+?+?');

            INSERT INTO dcollectdb.dc_formula_term (dc_formula_id,dc_account_value_term_id,order_view) VALUES (357,968,1);
            INSERT INTO dcollectdb.dc_formula_term (dc_formula_id,dc_account_value_term_id,order_view) VALUES (357,969,2);
            INSERT INTO dcollectdb.dc_formula_term (dc_formula_id,dc_account_value_term_id,order_view) VALUES (357,970,3);
            INSERT INTO dcollectdb.dc_formula_term (dc_formula_id,dc_account_value_term_id,order_view) VALUES (357,971,4);
            INSERT INTO dcollectdb.dc_formula_term (dc_formula_id,dc_account_value_term_id,order_view) VALUES (357,972,5);
            INSERT INTO dcollectdb.dc_formula_term (dc_formula_id,dc_account_value_term_id,order_view) VALUES (357,973,6);
            INSERT INTO dcollectdb.dc_formula_term (dc_formula_id,dc_account_value_term_id,order_view) VALUES (357,974,7);
            INSERT INTO dcollectdb.dc_formula_term (dc_formula_id,dc_account_value_term_id,order_view) VALUES (357,975,8);
            INSERT INTO dcollectdb.dc_formula_term (dc_formula_id,dc_account_value_term_id,order_view) VALUES (357,976,9);
            INSERT INTO dcollectdb.dc_formula_term (dc_formula_id,dc_account_value_term_id,order_view) VALUES (357,977,10);
            INSERT INTO dcollectdb.dc_formula_term (dc_formula_id,dc_account_value_term_id,order_view) VALUES (357,978,11);
            INSERT INTO dcollectdb.dc_formula_term (dc_formula_id,dc_account_value_term_id,order_view) VALUES (357,979,12);
            INSERT INTO dcollectdb.dc_formula_term (dc_formula_id,dc_account_value_term_id,order_view) VALUES (357,980,13);
            INSERT INTO dcollectdb.dc_formula_term (dc_formula_id,dc_account_value_term_id,order_view) VALUES (357,981,14);
            INSERT INTO dcollectdb.dc_formula_term (dc_formula_id,dc_account_value_term_id,order_view) VALUES (357,982,15);  
            INSERT INTO dcollectdb.dc_formula_term (dc_formula_id,dc_account_value_term_id,order_view) VALUES (357,983,16);  
            INSERT INTO dcollectdb.dc_formula_term (dc_formula_id,dc_account_value_term_id,order_view) VALUES (357,984,17);  

    --DEL AÑO A LA FECHA
        INSERT INTO dcollectdb.dc_account_value (id,dc_account_id,dc_type_account_value_id) VALUES (985,237,42);
        INSERT INTO dcollectdb.dc_account_value (id,dc_account_id,dc_type_account_value_id) VALUES (986,238,42);
        INSERT INTO dcollectdb.dc_account_value (id,dc_account_id,dc_type_account_value_id) VALUES (987,239,42);
        INSERT INTO dcollectdb.dc_account_value (id,dc_account_id,dc_type_account_value_id) VALUES (988,240,42);
        INSERT INTO dcollectdb.dc_account_value (id,dc_account_id,dc_type_account_value_id) VALUES (989,241,42);
        INSERT INTO dcollectdb.dc_account_value (id,dc_account_id,dc_type_account_value_id) VALUES (990,242,42);
        INSERT INTO dcollectdb.dc_account_value (id,dc_account_id,dc_type_account_value_id) VALUES (991,243,42);
        INSERT INTO dcollectdb.dc_account_value (id,dc_account_id,dc_type_account_value_id) VALUES (992,244,42);
        INSERT INTO dcollectdb.dc_account_value (id,dc_account_id,dc_type_account_value_id) VALUES (993,245,42);
        INSERT INTO dcollectdb.dc_account_value (id,dc_account_id,dc_type_account_value_id) VALUES (994,246,42);
        INSERT INTO dcollectdb.dc_account_value (id,dc_account_id,dc_type_account_value_id) VALUES (995,247,42);
        INSERT INTO dcollectdb.dc_account_value (id,dc_account_id,dc_type_account_value_id) VALUES (996,248,42);
        INSERT INTO dcollectdb.dc_account_value (id,dc_account_id,dc_type_account_value_id) VALUES (997,249,42);
        INSERT INTO dcollectdb.dc_account_value (id,dc_account_id,dc_type_account_value_id) VALUES (998,250,42);
        INSERT INTO dcollectdb.dc_account_value (id,dc_account_id,dc_type_account_value_id) VALUES (999,251,42);
        INSERT INTO dcollectdb.dc_account_value (id,dc_account_id,dc_type_account_value_id) VALUES (1000,252,42);
        INSERT INTO dcollectdb.dc_account_value (id,dc_account_id,dc_type_account_value_id) VALUES (1001,253,42);
        INSERT INTO dcollectdb.dc_account_value (id,dc_account_id,dc_type_account_value_id) VALUES (1002,254,42);
--E DEPTO TALLER DE CARROCERIA
    --MES
        INSERT INTO dcollectdb.dc_account_value (id,dc_account_id,dc_type_account_value_id) VALUES (1003,237,44);
        INSERT INTO dcollectdb.dc_account_value (id,dc_account_id,dc_type_account_value_id) VALUES (1004,238,44);
        INSERT INTO dcollectdb.dc_account_value (id,dc_account_id,dc_type_account_value_id) VALUES (1005,239,44);
        INSERT INTO dcollectdb.dc_account_value (id,dc_account_id,dc_type_account_value_id) VALUES (1006,240,44);
        INSERT INTO dcollectdb.dc_account_value (id,dc_account_id,dc_type_account_value_id) VALUES (1007,241,44);
        INSERT INTO dcollectdb.dc_account_value (id,dc_account_id,dc_type_account_value_id) VALUES (1008,242,44);
        INSERT INTO dcollectdb.dc_account_value (id,dc_account_id,dc_type_account_value_id) VALUES (1009,243,44);
        INSERT INTO dcollectdb.dc_account_value (id,dc_account_id,dc_type_account_value_id) VALUES (1010,244,44);
        INSERT INTO dcollectdb.dc_account_value (id,dc_account_id,dc_type_account_value_id) VALUES (1011,245,44);
        INSERT INTO dcollectdb.dc_account_value (id,dc_account_id,dc_type_account_value_id) VALUES (1012,246,44);
        INSERT INTO dcollectdb.dc_account_value (id,dc_account_id,dc_type_account_value_id) VALUES (1013,247,44);
        INSERT INTO dcollectdb.dc_account_value (id,dc_account_id,dc_type_account_value_id) VALUES (1014,248,44);
        INSERT INTO dcollectdb.dc_account_value (id,dc_account_id,dc_type_account_value_id) VALUES (1015,249,44);
        INSERT INTO dcollectdb.dc_account_value (id,dc_account_id,dc_type_account_value_id) VALUES (1016,250,44);
        INSERT INTO dcollectdb.dc_account_value (id,dc_account_id,dc_type_account_value_id) VALUES (1017,251,44);
        INSERT INTO dcollectdb.dc_account_value (id,dc_account_id,dc_type_account_value_id) VALUES (1018,252,44);
        INSERT INTO dcollectdb.dc_account_value (id,dc_account_id,dc_type_account_value_id) VALUES (1019,253,44);
        INSERT INTO dcollectdb.dc_account_value (id,dc_account_id,dc_type_account_value_id) VALUES (1020,254,44);    

        --FORMULA DE MES DE TOTAL DE GASTOS SEMIFIJOS
            INSERT INTO dcollectdb.dc_formula (id,dc_owner_account_value_id,formula) VALUES (358,1003,'?+?+?+?+?+?+?+?+?+?+?+?+?+?+?+?+?');

            INSERT INTO dcollectdb.dc_formula_term (dc_formula_id,dc_account_value_term_id,order_view) VALUES (358,1004,1);
            INSERT INTO dcollectdb.dc_formula_term (dc_formula_id,dc_account_value_term_id,order_view) VALUES (358,1005,2);
            INSERT INTO dcollectdb.dc_formula_term (dc_formula_id,dc_account_value_term_id,order_view) VALUES (358,1006,3);
            INSERT INTO dcollectdb.dc_formula_term (dc_formula_id,dc_account_value_term_id,order_view) VALUES (358,1007,4);
            INSERT INTO dcollectdb.dc_formula_term (dc_formula_id,dc_account_value_term_id,order_view) VALUES (358,1008,5);
            INSERT INTO dcollectdb.dc_formula_term (dc_formula_id,dc_account_value_term_id,order_view) VALUES (358,1009,6);
            INSERT INTO dcollectdb.dc_formula_term (dc_formula_id,dc_account_value_term_id,order_view) VALUES (358,1010,7);
            INSERT INTO dcollectdb.dc_formula_term (dc_formula_id,dc_account_value_term_id,order_view) VALUES (358,1011,8);
            INSERT INTO dcollectdb.dc_formula_term (dc_formula_id,dc_account_value_term_id,order_view) VALUES (358,1012,9);
            INSERT INTO dcollectdb.dc_formula_term (dc_formula_id,dc_account_value_term_id,order_view) VALUES (358,1013,10);
            INSERT INTO dcollectdb.dc_formula_term (dc_formula_id,dc_account_value_term_id,order_view) VALUES (358,1014,11);
            INSERT INTO dcollectdb.dc_formula_term (dc_formula_id,dc_account_value_term_id,order_view) VALUES (358,1015,12);
            INSERT INTO dcollectdb.dc_formula_term (dc_formula_id,dc_account_value_term_id,order_view) VALUES (358,1016,13);
            INSERT INTO dcollectdb.dc_formula_term (dc_formula_id,dc_account_value_term_id,order_view) VALUES (358,1017,14);
            INSERT INTO dcollectdb.dc_formula_term (dc_formula_id,dc_account_value_term_id,order_view) VALUES (358,1018,15);  
            INSERT INTO dcollectdb.dc_formula_term (dc_formula_id,dc_account_value_term_id,order_view) VALUES (358,1019,16);  
            INSERT INTO dcollectdb.dc_formula_term (dc_formula_id,dc_account_value_term_id,order_view) VALUES (358,1020,17);  

    --DEL AÑO A LA FECHA
        INSERT INTO dcollectdb.dc_account_value (id,dc_account_id,dc_type_account_value_id) VALUES (1021,237,45);
        INSERT INTO dcollectdb.dc_account_value (id,dc_account_id,dc_type_account_value_id) VALUES (1022,238,45);
        INSERT INTO dcollectdb.dc_account_value (id,dc_account_id,dc_type_account_value_id) VALUES (1023,239,45);
        INSERT INTO dcollectdb.dc_account_value (id,dc_account_id,dc_type_account_value_id) VALUES (1024,240,45);
        INSERT INTO dcollectdb.dc_account_value (id,dc_account_id,dc_type_account_value_id) VALUES (1025,241,45);
        INSERT INTO dcollectdb.dc_account_value (id,dc_account_id,dc_type_account_value_id) VALUES (1026,242,45);
        INSERT INTO dcollectdb.dc_account_value (id,dc_account_id,dc_type_account_value_id) VALUES (1027,243,45);
        INSERT INTO dcollectdb.dc_account_value (id,dc_account_id,dc_type_account_value_id) VALUES (1028,244,45);
        INSERT INTO dcollectdb.dc_account_value (id,dc_account_id,dc_type_account_value_id) VALUES (1029,245,45);
        INSERT INTO dcollectdb.dc_account_value (id,dc_account_id,dc_type_account_value_id) VALUES (1030,246,45);
        INSERT INTO dcollectdb.dc_account_value (id,dc_account_id,dc_type_account_value_id) VALUES (1031,247,45);
        INSERT INTO dcollectdb.dc_account_value (id,dc_account_id,dc_type_account_value_id) VALUES (1032,248,45);
        INSERT INTO dcollectdb.dc_account_value (id,dc_account_id,dc_type_account_value_id) VALUES (1033,249,45);
        INSERT INTO dcollectdb.dc_account_value (id,dc_account_id,dc_type_account_value_id) VALUES (1034,250,45);
        INSERT INTO dcollectdb.dc_account_value (id,dc_account_id,dc_type_account_value_id) VALUES (1035,251,45);
        INSERT INTO dcollectdb.dc_account_value (id,dc_account_id,dc_type_account_value_id) VALUES (1036,252,45);
        INSERT INTO dcollectdb.dc_account_value (id,dc_account_id,dc_type_account_value_id) VALUES (1037,253,45);
        INSERT INTO dcollectdb.dc_account_value (id,dc_account_id,dc_type_account_value_id) VALUES (1038,254,45);

--F DEPTO REFACCIONES Y ACCESORIOS
    --MES
        INSERT INTO dcollectdb.dc_account_value (id,dc_account_id,dc_type_account_value_id) VALUES (1039,237,47);
        INSERT INTO dcollectdb.dc_account_value (id,dc_account_id,dc_type_account_value_id) VALUES (1040,238,47);
        INSERT INTO dcollectdb.dc_account_value (id,dc_account_id,dc_type_account_value_id) VALUES (1041,239,47);
        INSERT INTO dcollectdb.dc_account_value (id,dc_account_id,dc_type_account_value_id) VALUES (1042,240,47);
        INSERT INTO dcollectdb.dc_account_value (id,dc_account_id,dc_type_account_value_id) VALUES (1043,241,47);
        INSERT INTO dcollectdb.dc_account_value (id,dc_account_id,dc_type_account_value_id) VALUES (1044,242,47);
        INSERT INTO dcollectdb.dc_account_value (id,dc_account_id,dc_type_account_value_id) VALUES (1045,243,47);
        INSERT INTO dcollectdb.dc_account_value (id,dc_account_id,dc_type_account_value_id) VALUES (1046,244,47);
        INSERT INTO dcollectdb.dc_account_value (id,dc_account_id,dc_type_account_value_id) VALUES (1047,245,47);
        INSERT INTO dcollectdb.dc_account_value (id,dc_account_id,dc_type_account_value_id) VALUES (1048,246,47);
        INSERT INTO dcollectdb.dc_account_value (id,dc_account_id,dc_type_account_value_id) VALUES (1049,247,47);
        INSERT INTO dcollectdb.dc_account_value (id,dc_account_id,dc_type_account_value_id) VALUES (1050,248,47);
        INSERT INTO dcollectdb.dc_account_value (id,dc_account_id,dc_type_account_value_id) VALUES (1051,249,47);
        INSERT INTO dcollectdb.dc_account_value (id,dc_account_id,dc_type_account_value_id) VALUES (1052,250,47);
        INSERT INTO dcollectdb.dc_account_value (id,dc_account_id,dc_type_account_value_id) VALUES (1053,251,47);
        INSERT INTO dcollectdb.dc_account_value (id,dc_account_id,dc_type_account_value_id) VALUES (1054,252,47);
        INSERT INTO dcollectdb.dc_account_value (id,dc_account_id,dc_type_account_value_id) VALUES (1055,253,47);
        INSERT INTO dcollectdb.dc_account_value (id,dc_account_id,dc_type_account_value_id) VALUES (1056,254,47);    

        --FORMULA DE MES DE TOTAL DE GASTOS SEMIFIJOS
            INSERT INTO dcollectdb.dc_formula (id,dc_owner_account_value_id,formula) VALUES (359,1039,'?+?+?+?+?+?+?+?+?+?+?+?+?+?+?+?+?');

            INSERT INTO dcollectdb.dc_formula_term (dc_formula_id,dc_account_value_term_id,order_view) VALUES (359,1040,1);
            INSERT INTO dcollectdb.dc_formula_term (dc_formula_id,dc_account_value_term_id,order_view) VALUES (359,1041,2);
            INSERT INTO dcollectdb.dc_formula_term (dc_formula_id,dc_account_value_term_id,order_view) VALUES (359,1042,3);
            INSERT INTO dcollectdb.dc_formula_term (dc_formula_id,dc_account_value_term_id,order_view) VALUES (359,1043,4);
            INSERT INTO dcollectdb.dc_formula_term (dc_formula_id,dc_account_value_term_id,order_view) VALUES (359,1044,5);
            INSERT INTO dcollectdb.dc_formula_term (dc_formula_id,dc_account_value_term_id,order_view) VALUES (359,1045,6);
            INSERT INTO dcollectdb.dc_formula_term (dc_formula_id,dc_account_value_term_id,order_view) VALUES (359,1046,7);
            INSERT INTO dcollectdb.dc_formula_term (dc_formula_id,dc_account_value_term_id,order_view) VALUES (359,1047,8);
            INSERT INTO dcollectdb.dc_formula_term (dc_formula_id,dc_account_value_term_id,order_view) VALUES (359,1048,9);
            INSERT INTO dcollectdb.dc_formula_term (dc_formula_id,dc_account_value_term_id,order_view) VALUES (359,1049,10);
            INSERT INTO dcollectdb.dc_formula_term (dc_formula_id,dc_account_value_term_id,order_view) VALUES (359,1050,11);
            INSERT INTO dcollectdb.dc_formula_term (dc_formula_id,dc_account_value_term_id,order_view) VALUES (359,1051,12);
            INSERT INTO dcollectdb.dc_formula_term (dc_formula_id,dc_account_value_term_id,order_view) VALUES (359,1052,13);
            INSERT INTO dcollectdb.dc_formula_term (dc_formula_id,dc_account_value_term_id,order_view) VALUES (359,1053,14);
            INSERT INTO dcollectdb.dc_formula_term (dc_formula_id,dc_account_value_term_id,order_view) VALUES (359,1054,15);  
            INSERT INTO dcollectdb.dc_formula_term (dc_formula_id,dc_account_value_term_id,order_view) VALUES (359,1055,16);  
            INSERT INTO dcollectdb.dc_formula_term (dc_formula_id,dc_account_value_term_id,order_view) VALUES (359,1056,17); 

    --DEL AÑO A LA FECHA
        INSERT INTO dcollectdb.dc_account_value (id,dc_account_id,dc_type_account_value_id) VALUES (1057,237,48);
        INSERT INTO dcollectdb.dc_account_value (id,dc_account_id,dc_type_account_value_id) VALUES (1058,238,48);
        INSERT INTO dcollectdb.dc_account_value (id,dc_account_id,dc_type_account_value_id) VALUES (1059,239,48);
        INSERT INTO dcollectdb.dc_account_value (id,dc_account_id,dc_type_account_value_id) VALUES (1060,240,48);
        INSERT INTO dcollectdb.dc_account_value (id,dc_account_id,dc_type_account_value_id) VALUES (1061,241,48);
        INSERT INTO dcollectdb.dc_account_value (id,dc_account_id,dc_type_account_value_id) VALUES (1062,242,48);
        INSERT INTO dcollectdb.dc_account_value (id,dc_account_id,dc_type_account_value_id) VALUES (1063,243,48);
        INSERT INTO dcollectdb.dc_account_value (id,dc_account_id,dc_type_account_value_id) VALUES (1064,244,48);
        INSERT INTO dcollectdb.dc_account_value (id,dc_account_id,dc_type_account_value_id) VALUES (1065,245,48);
        INSERT INTO dcollectdb.dc_account_value (id,dc_account_id,dc_type_account_value_id) VALUES (1066,246,48);
        INSERT INTO dcollectdb.dc_account_value (id,dc_account_id,dc_type_account_value_id) VALUES (1067,247,48);
        INSERT INTO dcollectdb.dc_account_value (id,dc_account_id,dc_type_account_value_id) VALUES (1068,248,48);
        INSERT INTO dcollectdb.dc_account_value (id,dc_account_id,dc_type_account_value_id) VALUES (1069,249,48);
        INSERT INTO dcollectdb.dc_account_value (id,dc_account_id,dc_type_account_value_id) VALUES (1070,250,48);
        INSERT INTO dcollectdb.dc_account_value (id,dc_account_id,dc_type_account_value_id) VALUES (1071,251,48);
        INSERT INTO dcollectdb.dc_account_value (id,dc_account_id,dc_type_account_value_id) VALUES (1072,252,48);
        INSERT INTO dcollectdb.dc_account_value (id,dc_account_id,dc_type_account_value_id) VALUES (1073,253,48);
        INSERT INTO dcollectdb.dc_account_value (id,dc_account_id,dc_type_account_value_id) VALUES (1074,254,48);

--TOTAL DE INGRESOS Y EGRESOS DE LA COCESIONARIA
    --MES
        INSERT INTO dcollectdb.dc_account_value (id,dc_account_id,dc_type_account_value_id) VALUES (1075,237,28);
        INSERT INTO dcollectdb.dc_account_value (id,dc_account_id,dc_type_account_value_id) VALUES (1076,238,28);
        INSERT INTO dcollectdb.dc_account_value (id,dc_account_id,dc_type_account_value_id) VALUES (1077,239,28);
        INSERT INTO dcollectdb.dc_account_value (id,dc_account_id,dc_type_account_value_id) VALUES (1078,240,28);
        INSERT INTO dcollectdb.dc_account_value (id,dc_account_id,dc_type_account_value_id) VALUES (1079,241,28);
        INSERT INTO dcollectdb.dc_account_value (id,dc_account_id,dc_type_account_value_id) VALUES (1080,242,28);
        INSERT INTO dcollectdb.dc_account_value (id,dc_account_id,dc_type_account_value_id) VALUES (1081,243,28);
        INSERT INTO dcollectdb.dc_account_value (id,dc_account_id,dc_type_account_value_id) VALUES (1082,244,28);
        INSERT INTO dcollectdb.dc_account_value (id,dc_account_id,dc_type_account_value_id) VALUES (1083,245,28);
        INSERT INTO dcollectdb.dc_account_value (id,dc_account_id,dc_type_account_value_id) VALUES (1084,246,28);
        INSERT INTO dcollectdb.dc_account_value (id,dc_account_id,dc_type_account_value_id) VALUES (1085,247,28);
        INSERT INTO dcollectdb.dc_account_value (id,dc_account_id,dc_type_account_value_id) VALUES (1086,248,28);
        INSERT INTO dcollectdb.dc_account_value (id,dc_account_id,dc_type_account_value_id) VALUES (1087,249,28);
        INSERT INTO dcollectdb.dc_account_value (id,dc_account_id,dc_type_account_value_id) VALUES (1088,250,28);
        INSERT INTO dcollectdb.dc_account_value (id,dc_account_id,dc_type_account_value_id) VALUES (1089,251,28);
        INSERT INTO dcollectdb.dc_account_value (id,dc_account_id,dc_type_account_value_id) VALUES (1090,252,28);
        INSERT INTO dcollectdb.dc_account_value (id,dc_account_id,dc_type_account_value_id) VALUES (1091,253,28);
        INSERT INTO dcollectdb.dc_account_value (id,dc_account_id,dc_type_account_value_id) VALUES (1092,254,28);
    
        --FORMULA DE MES DE GASTOS DE VEHICULOS DE LA COMPAÑIA        
            INSERT INTO dcollectdb.dc_formula (id,dc_owner_account_value_id,formula) VALUES (273,1076,'?+?+?+?+?+?');

            INSERT INTO dcollectdb.dc_formula_term (dc_formula_id,dc_account_value_term_id,order_view) VALUES (273,860,1);
            INSERT INTO dcollectdb.dc_formula_term (dc_formula_id,dc_account_value_term_id,order_view) VALUES (273,896,2);
            INSERT INTO dcollectdb.dc_formula_term (dc_formula_id,dc_account_value_term_id,order_view) VALUES (273,932,3);
            INSERT INTO dcollectdb.dc_formula_term (dc_formula_id,dc_account_value_term_id,order_view) VALUES (273,968,4);
            INSERT INTO dcollectdb.dc_formula_term (dc_formula_id,dc_account_value_term_id,order_view) VALUES (273,1004,5);
            INSERT INTO dcollectdb.dc_formula_term (dc_formula_id,dc_account_value_term_id,order_view) VALUES (273,1040,6);
        
        --FORMULA DE MES DE PAPELERIA Y ART DE OFICINA
            INSERT INTO dcollectdb.dc_formula (id,dc_owner_account_value_id,formula) VALUES (274,1077,'?+?+?+?+?+?');

            INSERT INTO dcollectdb.dc_formula_term (dc_formula_id,dc_account_value_term_id,order_view) VALUES (274,861,1);
            INSERT INTO dcollectdb.dc_formula_term (dc_formula_id,dc_account_value_term_id,order_view) VALUES (274,897,2);
            INSERT INTO dcollectdb.dc_formula_term (dc_formula_id,dc_account_value_term_id,order_view) VALUES (274,933,3);
            INSERT INTO dcollectdb.dc_formula_term (dc_formula_id,dc_account_value_term_id,order_view) VALUES (274,969,4);
            INSERT INTO dcollectdb.dc_formula_term (dc_formula_id,dc_account_value_term_id,order_view) VALUES (274,1005,5);
            INSERT INTO dcollectdb.dc_formula_term (dc_formula_id,dc_account_value_term_id,order_view) VALUES (274,1041,6);
        
        --FORMULA DE MES DE OTROS SUMINISTROS Y HERRAMIENTAS
            INSERT INTO dcollectdb.dc_formula (id,dc_owner_account_value_id,formula) VALUES (275,1078,'?+?+?+?+?+?');

            INSERT INTO dcollectdb.dc_formula_term (dc_formula_id,dc_account_value_term_id,order_view) VALUES (275,862,1);
            INSERT INTO dcollectdb.dc_formula_term (dc_formula_id,dc_account_value_term_id,order_view) VALUES (275,898,2);
            INSERT INTO dcollectdb.dc_formula_term (dc_formula_id,dc_account_value_term_id,order_view) VALUES (275,934,3);
            INSERT INTO dcollectdb.dc_formula_term (dc_formula_id,dc_account_value_term_id,order_view) VALUES (275,970,4);
            INSERT INTO dcollectdb.dc_formula_term (dc_formula_id,dc_account_value_term_id,order_view) VALUES (275,1006,5);
            INSERT INTO dcollectdb.dc_formula_term (dc_formula_id,dc_account_value_term_id,order_view) VALUES (275,1042,6);
        
        --FORMULA DE MES DE PUBLICIDAD SERVICIO, CARROCERIAS, REF Y ACC
            INSERT INTO dcollectdb.dc_formula (id,dc_owner_account_value_id,formula) VALUES (276,1079,'?+?+?');

            INSERT INTO dcollectdb.dc_formula_term (dc_formula_id,dc_account_value_term_id,order_view) VALUES (276,971,1);
            INSERT INTO dcollectdb.dc_formula_term (dc_formula_id,dc_account_value_term_id,order_view) VALUES (276,1007,2);
            INSERT INTO dcollectdb.dc_formula_term (dc_formula_id,dc_account_value_term_id,order_view) VALUES (276,1043,3);
        

        --FORMULA DE MES DE CUENTAS MALAS
            INSERT INTO dcollectdb.dc_formula (id,dc_owner_account_value_id,formula) VALUES (277,1080,'?+?+?+?+?+?');

            INSERT INTO dcollectdb.dc_formula_term (dc_formula_id,dc_account_value_term_id,order_view) VALUES (277,864,1);
            INSERT INTO dcollectdb.dc_formula_term (dc_formula_id,dc_account_value_term_id,order_view) VALUES (277,900,2);
            INSERT INTO dcollectdb.dc_formula_term (dc_formula_id,dc_account_value_term_id,order_view) VALUES (277,936,3);
            INSERT INTO dcollectdb.dc_formula_term (dc_formula_id,dc_account_value_term_id,order_view) VALUES (277,972,4);
            INSERT INTO dcollectdb.dc_formula_term (dc_formula_id,dc_account_value_term_id,order_view) VALUES (277,1008,5);
            INSERT INTO dcollectdb.dc_formula_term (dc_formula_id,dc_account_value_term_id,order_view) VALUES (277,1044,6);
        
        --FORMULA DE MES DE DONATIVOS
            INSERT INTO dcollectdb.dc_formula (id,dc_owner_account_value_id,formula) VALUES (278,1081,'?+?+?');

            INSERT INTO dcollectdb.dc_formula_term (dc_formula_id,dc_account_value_term_id,order_view) VALUES (278,865,1);
            INSERT INTO dcollectdb.dc_formula_term (dc_formula_id,dc_account_value_term_id,order_view) VALUES (278,901,2);
            INSERT INTO dcollectdb.dc_formula_term (dc_formula_id,dc_account_value_term_id,order_view) VALUES (278,937,3);
            INSERT INTO dcollectdb.dc_formula_term (dc_formula_id,dc_account_value_term_id,order_view) VALUES (278,973,4);
            INSERT INTO dcollectdb.dc_formula_term (dc_formula_id,dc_account_value_term_id,order_view) VALUES (278,1009,5);
            INSERT INTO dcollectdb.dc_formula_term (dc_formula_id,dc_account_value_term_id,order_view) VALUES (278,1045,6);
        
        --FORMULA DE MES DE GASTOS DE GARANTIAS
            INSERT INTO dcollectdb.dc_formula (id,dc_owner_account_value_id,formula) VALUES (279,1082,'?+?+?');

            INSERT INTO dcollectdb.dc_formula_term (dc_formula_id,dc_account_value_term_id,order_view) VALUES (279,974,1);
            INSERT INTO dcollectdb.dc_formula_term (dc_formula_id,dc_account_value_term_id,order_view) VALUES (279,1010,2);
            INSERT INTO dcollectdb.dc_formula_term (dc_formula_id,dc_account_value_term_id,order_view) VALUES (279,1046,3);
        
        --FORMULA DE MES DE SERVICIOS EXTERNOS
            INSERT INTO dcollectdb.dc_formula (id,dc_owner_account_value_id,formula) VALUES (280,1083,'?+?+?+?+?+?');

            INSERT INTO dcollectdb.dc_formula_term (dc_formula_id,dc_account_value_term_id,order_view) VALUES (280,867,1);
            INSERT INTO dcollectdb.dc_formula_term (dc_formula_id,dc_account_value_term_id,order_view) VALUES (280,903,2);
            INSERT INTO dcollectdb.dc_formula_term (dc_formula_id,dc_account_value_term_id,order_view) VALUES (280,939,3);
            INSERT INTO dcollectdb.dc_formula_term (dc_formula_id,dc_account_value_term_id,order_view) VALUES (280,975,4);
            INSERT INTO dcollectdb.dc_formula_term (dc_formula_id,dc_account_value_term_id,order_view) VALUES (280,1011,5);
            INSERT INTO dcollectdb.dc_formula_term (dc_formula_id,dc_account_value_term_id,order_view) VALUES (280,1047,6);
        
        --FORMULA DE MES DE LAVANDERIA Y UNIFORMES
            INSERT INTO dcollectdb.dc_formula (id,dc_owner_account_value_id,formula) VALUES (281,1084,'?+?+?');

            INSERT INTO dcollectdb.dc_formula_term (dc_formula_id,dc_account_value_term_id,order_view) VALUES (281,868,1);
            INSERT INTO dcollectdb.dc_formula_term (dc_formula_id,dc_account_value_term_id,order_view) VALUES (281,904,2);
            INSERT INTO dcollectdb.dc_formula_term (dc_formula_id,dc_account_value_term_id,order_view) VALUES (281,940,3);
            INSERT INTO dcollectdb.dc_formula_term (dc_formula_id,dc_account_value_term_id,order_view) VALUES (281,976,4);
            INSERT INTO dcollectdb.dc_formula_term (dc_formula_id,dc_account_value_term_id,order_view) VALUES (281,1012,5);
            INSERT INTO dcollectdb.dc_formula_term (dc_formula_id,dc_account_value_term_id,order_view) VALUES (281,1048,6);
        
        --FORMULA DE MES DE VIAJES Y ENTRETENIMIENTO
            INSERT INTO dcollectdb.dc_formula (id,dc_owner_account_value_id,formula) VALUES (282,1085,'?+?+?+?+?+?');

            INSERT INTO dcollectdb.dc_formula_term (dc_formula_id,dc_account_value_term_id,order_view) VALUES (282,869,1);
            INSERT INTO dcollectdb.dc_formula_term (dc_formula_id,dc_account_value_term_id,order_view) VALUES (282,905,2);
            INSERT INTO dcollectdb.dc_formula_term (dc_formula_id,dc_account_value_term_id,order_view) VALUES (282,941,3);
            INSERT INTO dcollectdb.dc_formula_term (dc_formula_id,dc_account_value_term_id,order_view) VALUES (282,977,4);
            INSERT INTO dcollectdb.dc_formula_term (dc_formula_id,dc_account_value_term_id,order_view) VALUES (282,1013,5);
            INSERT INTO dcollectdb.dc_formula_term (dc_formula_id,dc_account_value_term_id,order_view) VALUES (282,1049,6);
        
        --FORMULA DE MES DE MEMBRESIA CUOTAS Y PUBLICACIONES
            INSERT INTO dcollectdb.dc_formula (id,dc_owner_account_value_id,formula) VALUES (283,1086,'?+?+?');

            INSERT INTO dcollectdb.dc_formula_term (dc_formula_id,dc_account_value_term_id,order_view) VALUES (283,870,1);
            INSERT INTO dcollectdb.dc_formula_term (dc_formula_id,dc_account_value_term_id,order_view) VALUES (283,906,2);
            INSERT INTO dcollectdb.dc_formula_term (dc_formula_id,dc_account_value_term_id,order_view) VALUES (283,942,3);
            INSERT INTO dcollectdb.dc_formula_term (dc_formula_id,dc_account_value_term_id,order_view) VALUES (283,978,4);
            INSERT INTO dcollectdb.dc_formula_term (dc_formula_id,dc_account_value_term_id,order_view) VALUES (283,1014,5);
            INSERT INTO dcollectdb.dc_formula_term (dc_formula_id,dc_account_value_term_id,order_view) VALUES (283,1050,6);
        
        --FORMULA DE MES DE SERVICIOS LEGALES Y DE AUDITORIA        
            INSERT INTO dcollectdb.dc_formula (id,dc_owner_account_value_id,formula) VALUES (284,1087,'?+?+?+?+?+?');

            INSERT INTO dcollectdb.dc_formula_term (dc_formula_id,dc_account_value_term_id,order_view) VALUES (284,871,1);
            INSERT INTO dcollectdb.dc_formula_term (dc_formula_id,dc_account_value_term_id,order_view) VALUES (284,907,2);
            INSERT INTO dcollectdb.dc_formula_term (dc_formula_id,dc_account_value_term_id,order_view) VALUES (284,943,3);
            INSERT INTO dcollectdb.dc_formula_term (dc_formula_id,dc_account_value_term_id,order_view) VALUES (284,979,4);
            INSERT INTO dcollectdb.dc_formula_term (dc_formula_id,dc_account_value_term_id,order_view) VALUES (284,1015,5);
            INSERT INTO dcollectdb.dc_formula_term (dc_formula_id,dc_account_value_term_id,order_view) VALUES (284,1051,6);
        
        --FORMULA DE MES DE TELEFONOS
            INSERT INTO dcollectdb.dc_formula (id,dc_owner_account_value_id,formula) VALUES (285,1088,'?+?+?+?+?+?');

            INSERT INTO dcollectdb.dc_formula_term (dc_formula_id,dc_account_value_term_id,order_view) VALUES (285,872,1);
            INSERT INTO dcollectdb.dc_formula_term (dc_formula_id,dc_account_value_term_id,order_view) VALUES (285,908,2);
            INSERT INTO dcollectdb.dc_formula_term (dc_formula_id,dc_account_value_term_id,order_view) VALUES (285,944,3);
            INSERT INTO dcollectdb.dc_formula_term (dc_formula_id,dc_account_value_term_id,order_view) VALUES (285,980,4);
            INSERT INTO dcollectdb.dc_formula_term (dc_formula_id,dc_account_value_term_id,order_view) VALUES (285,1016,5);
            INSERT INTO dcollectdb.dc_formula_term (dc_formula_id,dc_account_value_term_id,order_view) VALUES (285,1052,6);
        
        --FORMULA DE MES DE CORREOS FLETES Y ACARREOS
            INSERT INTO dcollectdb.dc_formula (id,dc_owner_account_value_id,formula) VALUES (286,1089,'?+?+?+?+?+?');

            INSERT INTO dcollectdb.dc_formula_term (dc_formula_id,dc_account_value_term_id,order_view) VALUES (286,873,1);
            INSERT INTO dcollectdb.dc_formula_term (dc_formula_id,dc_account_value_term_id,order_view) VALUES (286,909,2);
            INSERT INTO dcollectdb.dc_formula_term (dc_formula_id,dc_account_value_term_id,order_view) VALUES (286,945,3);
            INSERT INTO dcollectdb.dc_formula_term (dc_formula_id,dc_account_value_term_id,order_view) VALUES (286,981,4);
            INSERT INTO dcollectdb.dc_formula_term (dc_formula_id,dc_account_value_term_id,order_view) VALUES (286,1017,5);
            INSERT INTO dcollectdb.dc_formula_term (dc_formula_id,dc_account_value_term_id,order_view) VALUES (286,1053,6);
        
        --FORMULA DE MES DE ENTRETENIMIENTO
            INSERT INTO dcollectdb.dc_formula (id,dc_owner_account_value_id,formula) VALUES (287,1090,'?+?+?+?+?+?');

            INSERT INTO dcollectdb.dc_formula_term (dc_formula_id,dc_account_value_term_id,order_view) VALUES (287,874,1);
            INSERT INTO dcollectdb.dc_formula_term (dc_formula_id,dc_account_value_term_id,order_view) VALUES (287,910,2);
            INSERT INTO dcollectdb.dc_formula_term (dc_formula_id,dc_account_value_term_id,order_view) VALUES (287,946,3);
            INSERT INTO dcollectdb.dc_formula_term (dc_formula_id,dc_account_value_term_id,order_view) VALUES (287,982,4);
            INSERT INTO dcollectdb.dc_formula_term (dc_formula_id,dc_account_value_term_id,order_view) VALUES (287,1018,5);
            INSERT INTO dcollectdb.dc_formula_term (dc_formula_id,dc_account_value_term_id,order_view) VALUES (287,1054,6);
        
        --FORMULA DE MES DE SERVICIOS DE PROCESAMIENTO DE DATOS
            INSERT INTO dcollectdb.dc_formula (id,dc_owner_account_value_id,formula) VALUES (288,1091,'?+?+?+?+?+?');

            INSERT INTO dcollectdb.dc_formula_term (dc_formula_id,dc_account_value_term_id,order_view) VALUES (288,875,1);
            INSERT INTO dcollectdb.dc_formula_term (dc_formula_id,dc_account_value_term_id,order_view) VALUES (288,911,2);
            INSERT INTO dcollectdb.dc_formula_term (dc_formula_id,dc_account_value_term_id,order_view) VALUES (288,947,3);
            INSERT INTO dcollectdb.dc_formula_term (dc_formula_id,dc_account_value_term_id,order_view) VALUES (288,983,4);
            INSERT INTO dcollectdb.dc_formula_term (dc_formula_id,dc_account_value_term_id,order_view) VALUES (288,1019,5);
            INSERT INTO dcollectdb.dc_formula_term (dc_formula_id,dc_account_value_term_id,order_view) VALUES (288,1055,6);
        
        --FORMULA DE MES DE MISCELANEOS
            INSERT INTO dcollectdb.dc_formula (id,dc_owner_account_value_id,formula) VALUES (289,1092,'?+?+?+?+?+?');

            INSERT INTO dcollectdb.dc_formula_term (dc_formula_id,dc_account_value_term_id,order_view) VALUES (289,876,1);
            INSERT INTO dcollectdb.dc_formula_term (dc_formula_id,dc_account_value_term_id,order_view) VALUES (289,912,2);
            INSERT INTO dcollectdb.dc_formula_term (dc_formula_id,dc_account_value_term_id,order_view) VALUES (289,948,3);
            INSERT INTO dcollectdb.dc_formula_term (dc_formula_id,dc_account_value_term_id,order_view) VALUES (289,984,4);
            INSERT INTO dcollectdb.dc_formula_term (dc_formula_id,dc_account_value_term_id,order_view) VALUES (289,1020,5);
            INSERT INTO dcollectdb.dc_formula_term (dc_formula_id,dc_account_value_term_id,order_view) VALUES (289,1056,6);
        
        --FORMULA DE MES DE TOTAL DE GASTOS SEMIFIJOS
            INSERT INTO dcollectdb.dc_formula (id,dc_owner_account_value_id,formula) VALUES (290,1075,'?+?+?+?+?+?+?+?+?+?+?+?+?+?+?+?+?');

            INSERT INTO dcollectdb.dc_formula_term (dc_formula_id,dc_account_value_term_id,order_view) VALUES (290,1076,1);
            INSERT INTO dcollectdb.dc_formula_term (dc_formula_id,dc_account_value_term_id,order_view) VALUES (290,1077,2);
            INSERT INTO dcollectdb.dc_formula_term (dc_formula_id,dc_account_value_term_id,order_view) VALUES (290,1078,3);
            INSERT INTO dcollectdb.dc_formula_term (dc_formula_id,dc_account_value_term_id,order_view) VALUES (290,1079,4);
            INSERT INTO dcollectdb.dc_formula_term (dc_formula_id,dc_account_value_term_id,order_view) VALUES (290,1080,5);
            INSERT INTO dcollectdb.dc_formula_term (dc_formula_id,dc_account_value_term_id,order_view) VALUES (290,1081,6);
            INSERT INTO dcollectdb.dc_formula_term (dc_formula_id,dc_account_value_term_id,order_view) VALUES (290,1082,7);
            INSERT INTO dcollectdb.dc_formula_term (dc_formula_id,dc_account_value_term_id,order_view) VALUES (290,1083,8);
            INSERT INTO dcollectdb.dc_formula_term (dc_formula_id,dc_account_value_term_id,order_view) VALUES (290,1084,9);
            INSERT INTO dcollectdb.dc_formula_term (dc_formula_id,dc_account_value_term_id,order_view) VALUES (290,1085,10);
            INSERT INTO dcollectdb.dc_formula_term (dc_formula_id,dc_account_value_term_id,order_view) VALUES (290,1086,11);
            INSERT INTO dcollectdb.dc_formula_term (dc_formula_id,dc_account_value_term_id,order_view) VALUES (290,1087,12);
            INSERT INTO dcollectdb.dc_formula_term (dc_formula_id,dc_account_value_term_id,order_view) VALUES (290,1088,13);
            INSERT INTO dcollectdb.dc_formula_term (dc_formula_id,dc_account_value_term_id,order_view) VALUES (290,1089,14);
            INSERT INTO dcollectdb.dc_formula_term (dc_formula_id,dc_account_value_term_id,order_view) VALUES (290,1090,15);
            INSERT INTO dcollectdb.dc_formula_term (dc_formula_id,dc_account_value_term_id,order_view) VALUES (290,1091,16);
            INSERT INTO dcollectdb.dc_formula_term (dc_formula_id,dc_account_value_term_id,order_view) VALUES (290,1092,17);
            
    --DEL AÑO A LA FECHA
        INSERT INTO dcollectdb.dc_account_value (id,dc_account_id,dc_type_account_value_id) VALUES (1093,237,29);
        INSERT INTO dcollectdb.dc_account_value (id,dc_account_id,dc_type_account_value_id) VALUES (1094,238,29);
        INSERT INTO dcollectdb.dc_account_value (id,dc_account_id,dc_type_account_value_id) VALUES (1095,239,29);
        INSERT INTO dcollectdb.dc_account_value (id,dc_account_id,dc_type_account_value_id) VALUES (1096,240,29);
        INSERT INTO dcollectdb.dc_account_value (id,dc_account_id,dc_type_account_value_id) VALUES (1097,241,29);
        INSERT INTO dcollectdb.dc_account_value (id,dc_account_id,dc_type_account_value_id) VALUES (1098,242,29);
        INSERT INTO dcollectdb.dc_account_value (id,dc_account_id,dc_type_account_value_id) VALUES (1099,243,29);
        INSERT INTO dcollectdb.dc_account_value (id,dc_account_id,dc_type_account_value_id) VALUES (1100,244,29);
        INSERT INTO dcollectdb.dc_account_value (id,dc_account_id,dc_type_account_value_id) VALUES (1101,245,29);
        INSERT INTO dcollectdb.dc_account_value (id,dc_account_id,dc_type_account_value_id) VALUES (1102,246,29);
        INSERT INTO dcollectdb.dc_account_value (id,dc_account_id,dc_type_account_value_id) VALUES (1103,247,29);
        INSERT INTO dcollectdb.dc_account_value (id,dc_account_id,dc_type_account_value_id) VALUES (1104,248,29);
        INSERT INTO dcollectdb.dc_account_value (id,dc_account_id,dc_type_account_value_id) VALUES (1105,249,29);
        INSERT INTO dcollectdb.dc_account_value (id,dc_account_id,dc_type_account_value_id) VALUES (1106,250,29);
        INSERT INTO dcollectdb.dc_account_value (id,dc_account_id,dc_type_account_value_id) VALUES (1107,251,29);
        INSERT INTO dcollectdb.dc_account_value (id,dc_account_id,dc_type_account_value_id) VALUES (1108,252,29);
        INSERT INTO dcollectdb.dc_account_value (id,dc_account_id,dc_type_account_value_id) VALUES (1109,253,29);
        INSERT INTO dcollectdb.dc_account_value (id,dc_account_id,dc_type_account_value_id) VALUES (1110,254,29);

        --FORMULA DEL AÑO A LA FECHA DE GASTOS DE VEHICULOS DE LA COMPAÑIA        
            INSERT INTO dcollectdb.dc_formula (id,dc_owner_account_value_id,formula) VALUES (291,1094,'?+?+?+?+?+?');

            INSERT INTO dcollectdb.dc_formula_term (dc_formula_id,dc_account_value_term_id,order_view) VALUES (291,878,1);
            INSERT INTO dcollectdb.dc_formula_term (dc_formula_id,dc_account_value_term_id,order_view) VALUES (291,914,2);
            INSERT INTO dcollectdb.dc_formula_term (dc_formula_id,dc_account_value_term_id,order_view) VALUES (291,950,3);
            INSERT INTO dcollectdb.dc_formula_term (dc_formula_id,dc_account_value_term_id,order_view) VALUES (291,986,4);
            INSERT INTO dcollectdb.dc_formula_term (dc_formula_id,dc_account_value_term_id,order_view) VALUES (291,1022,5);
            INSERT INTO dcollectdb.dc_formula_term (dc_formula_id,dc_account_value_term_id,order_view) VALUES (291,1058,6);
        
        --FORMULA DEL AÑO A LA FECHA DE PAPELERIA Y ART DE OFICINA
            INSERT INTO dcollectdb.dc_formula (id,dc_owner_account_value_id,formula) VALUES (292,1095,'?+?+?+?+?+?');

            INSERT INTO dcollectdb.dc_formula_term (dc_formula_id,dc_account_value_term_id,order_view) VALUES (292,879,1);
            INSERT INTO dcollectdb.dc_formula_term (dc_formula_id,dc_account_value_term_id,order_view) VALUES (292,915,2);
            INSERT INTO dcollectdb.dc_formula_term (dc_formula_id,dc_account_value_term_id,order_view) VALUES (292,951,3);
            INSERT INTO dcollectdb.dc_formula_term (dc_formula_id,dc_account_value_term_id,order_view) VALUES (292,987,4);
            INSERT INTO dcollectdb.dc_formula_term (dc_formula_id,dc_account_value_term_id,order_view) VALUES (292,1023,5);
            INSERT INTO dcollectdb.dc_formula_term (dc_formula_id,dc_account_value_term_id,order_view) VALUES (292,1059,6);
        
        --FORMULA DEL AÑO A LA FECHA DE OTROS SUMINISTROS Y HERRAMIENTAS
            INSERT INTO dcollectdb.dc_formula (id,dc_owner_account_value_id,formula) VALUES (293,1096,'?+?+?+?+?+?');

            INSERT INTO dcollectdb.dc_formula_term (dc_formula_id,dc_account_value_term_id,order_view) VALUES (293,880,1);
            INSERT INTO dcollectdb.dc_formula_term (dc_formula_id,dc_account_value_term_id,order_view) VALUES (293,916,2);
            INSERT INTO dcollectdb.dc_formula_term (dc_formula_id,dc_account_value_term_id,order_view) VALUES (293,952,3);
            INSERT INTO dcollectdb.dc_formula_term (dc_formula_id,dc_account_value_term_id,order_view) VALUES (293,988,4);
            INSERT INTO dcollectdb.dc_formula_term (dc_formula_id,dc_account_value_term_id,order_view) VALUES (293,1024,5);
            INSERT INTO dcollectdb.dc_formula_term (dc_formula_id,dc_account_value_term_id,order_view) VALUES (293,1060,6);
        
        --FORMULA DEL AÑO A LA FECHA DE PUBLICIDAD SERVICIO, CARROCERIAS, REF Y ACC
            INSERT INTO dcollectdb.dc_formula (id,dc_owner_account_value_id,formula) VALUES (294,1097,'?+?+?');

            INSERT INTO dcollectdb.dc_formula_term (dc_formula_id,dc_account_value_term_id,order_view) VALUES (294,989,1);
            INSERT INTO dcollectdb.dc_formula_term (dc_formula_id,dc_account_value_term_id,order_view) VALUES (294,1024,2);
            INSERT INTO dcollectdb.dc_formula_term (dc_formula_id,dc_account_value_term_id,order_view) VALUES (294,1061,3);
        

        --FORMULA DEL AÑO A LA FECHA DE CUENTAS MALAS
            INSERT INTO dcollectdb.dc_formula (id,dc_owner_account_value_id,formula) VALUES (295,1098,'?+?+?+?+?+?');

            INSERT INTO dcollectdb.dc_formula_term (dc_formula_id,dc_account_value_term_id,order_view) VALUES (295,882,1);
            INSERT INTO dcollectdb.dc_formula_term (dc_formula_id,dc_account_value_term_id,order_view) VALUES (295,918,2);
            INSERT INTO dcollectdb.dc_formula_term (dc_formula_id,dc_account_value_term_id,order_view) VALUES (295,954,3);
            INSERT INTO dcollectdb.dc_formula_term (dc_formula_id,dc_account_value_term_id,order_view) VALUES (295,990,4);
            INSERT INTO dcollectdb.dc_formula_term (dc_formula_id,dc_account_value_term_id,order_view) VALUES (295,1025,5);
            INSERT INTO dcollectdb.dc_formula_term (dc_formula_id,dc_account_value_term_id,order_view) VALUES (295,1062,6);
        
        --FORMULA DEL AÑO A LA FECHA DE DONATIVOS
            INSERT INTO dcollectdb.dc_formula (id,dc_owner_account_value_id,formula) VALUES (296,1099,'?+?+?');

            INSERT INTO dcollectdb.dc_formula_term (dc_formula_id,dc_account_value_term_id,order_view) VALUES (296,883,1);
            INSERT INTO dcollectdb.dc_formula_term (dc_formula_id,dc_account_value_term_id,order_view) VALUES (296,919,2);
            INSERT INTO dcollectdb.dc_formula_term (dc_formula_id,dc_account_value_term_id,order_view) VALUES (296,955,3);
            INSERT INTO dcollectdb.dc_formula_term (dc_formula_id,dc_account_value_term_id,order_view) VALUES (296,991,4);
            INSERT INTO dcollectdb.dc_formula_term (dc_formula_id,dc_account_value_term_id,order_view) VALUES (296,1026,5);
            INSERT INTO dcollectdb.dc_formula_term (dc_formula_id,dc_account_value_term_id,order_view) VALUES (296,1063,6);
        
        --FORMULA DEL AÑO A LA FECHA DE GASTOS DE GARANTIAS
            INSERT INTO dcollectdb.dc_formula (id,dc_owner_account_value_id,formula) VALUES (297,1100,'?+?+?');

            INSERT INTO dcollectdb.dc_formula_term (dc_formula_id,dc_account_value_term_id,order_view) VALUES (297,992,1);
            INSERT INTO dcollectdb.dc_formula_term (dc_formula_id,dc_account_value_term_id,order_view) VALUES (297,1027,2);
            INSERT INTO dcollectdb.dc_formula_term (dc_formula_id,dc_account_value_term_id,order_view) VALUES (297,1064,3);
        
        --FORMULA DEL AÑO A LA FECHA DE SERVICIOS EXTERNOS
            INSERT INTO dcollectdb.dc_formula (id,dc_owner_account_value_id,formula) VALUES (298,1101,'?+?+?+?+?+?');

            INSERT INTO dcollectdb.dc_formula_term (dc_formula_id,dc_account_value_term_id,order_view) VALUES (298,885,1);
            INSERT INTO dcollectdb.dc_formula_term (dc_formula_id,dc_account_value_term_id,order_view) VALUES (298,921,2);
            INSERT INTO dcollectdb.dc_formula_term (dc_formula_id,dc_account_value_term_id,order_view) VALUES (298,957,3);
            INSERT INTO dcollectdb.dc_formula_term (dc_formula_id,dc_account_value_term_id,order_view) VALUES (298,993,4);
            INSERT INTO dcollectdb.dc_formula_term (dc_formula_id,dc_account_value_term_id,order_view) VALUES (298,1028,5);
            INSERT INTO dcollectdb.dc_formula_term (dc_formula_id,dc_account_value_term_id,order_view) VALUES (298,1065,6);
        
        --FORMULA DEL AÑO A LA FECHA DE LAVANDERIA Y UNIFORMES
            INSERT INTO dcollectdb.dc_formula (id,dc_owner_account_value_id,formula) VALUES (299,1102,'?+?+?+?+?+?');

            INSERT INTO dcollectdb.dc_formula_term (dc_formula_id,dc_account_value_term_id,order_view) VALUES (299,886,1);
            INSERT INTO dcollectdb.dc_formula_term (dc_formula_id,dc_account_value_term_id,order_view) VALUES (299,922,2);
            INSERT INTO dcollectdb.dc_formula_term (dc_formula_id,dc_account_value_term_id,order_view) VALUES (299,958,3);
            INSERT INTO dcollectdb.dc_formula_term (dc_formula_id,dc_account_value_term_id,order_view) VALUES (299,994,4);
            INSERT INTO dcollectdb.dc_formula_term (dc_formula_id,dc_account_value_term_id,order_view) VALUES (299,1029,5);
            INSERT INTO dcollectdb.dc_formula_term (dc_formula_id,dc_account_value_term_id,order_view) VALUES (299,1066,6);
        
        --FORMULA DEL AÑO A LA FECHA DE VIAJES Y ENTRETENIMIENTO
            INSERT INTO dcollectdb.dc_formula (id,dc_owner_account_value_id,formula) VALUES (300,1103,'?+?+?+?+?+?');

            INSERT INTO dcollectdb.dc_formula_term (dc_formula_id,dc_account_value_term_id,order_view) VALUES (300,887,1);
            INSERT INTO dcollectdb.dc_formula_term (dc_formula_id,dc_account_value_term_id,order_view) VALUES (300,923,2);
            INSERT INTO dcollectdb.dc_formula_term (dc_formula_id,dc_account_value_term_id,order_view) VALUES (300,959,3);
            INSERT INTO dcollectdb.dc_formula_term (dc_formula_id,dc_account_value_term_id,order_view) VALUES (300,995,4);
            INSERT INTO dcollectdb.dc_formula_term (dc_formula_id,dc_account_value_term_id,order_view) VALUES (300,1030,5);
            INSERT INTO dcollectdb.dc_formula_term (dc_formula_id,dc_account_value_term_id,order_view) VALUES (300,1067,6);
        
        --FORMULA DEL AÑO A LA FECHA DE MEMBRESIA CUOTAS Y PUBLICACIONES
            INSERT INTO dcollectdb.dc_formula (id,dc_owner_account_value_id,formula) VALUES (301,1104,'?+?+?+?+?+?');

            INSERT INTO dcollectdb.dc_formula_term (dc_formula_id,dc_account_value_term_id,order_view) VALUES (301,888,1);
            INSERT INTO dcollectdb.dc_formula_term (dc_formula_id,dc_account_value_term_id,order_view) VALUES (301,924,2);
            INSERT INTO dcollectdb.dc_formula_term (dc_formula_id,dc_account_value_term_id,order_view) VALUES (301,960,3);
            INSERT INTO dcollectdb.dc_formula_term (dc_formula_id,dc_account_value_term_id,order_view) VALUES (301,996,4);
            INSERT INTO dcollectdb.dc_formula_term (dc_formula_id,dc_account_value_term_id,order_view) VALUES (301,1031,5);
            INSERT INTO dcollectdb.dc_formula_term (dc_formula_id,dc_account_value_term_id,order_view) VALUES (301,1068,6);
        
        --FORMULA DEL AÑO A LA FECHA DE SERVICIOS LEGALES Y DE AUDITORIA        
            INSERT INTO dcollectdb.dc_formula (id,dc_owner_account_value_id,formula) VALUES (302,1105,'?+?+?+?+?+?');

            INSERT INTO dcollectdb.dc_formula_term (dc_formula_id,dc_account_value_term_id,order_view) VALUES (302,889,1);
            INSERT INTO dcollectdb.dc_formula_term (dc_formula_id,dc_account_value_term_id,order_view) VALUES (302,925,2);
            INSERT INTO dcollectdb.dc_formula_term (dc_formula_id,dc_account_value_term_id,order_view) VALUES (302,961,3);
            INSERT INTO dcollectdb.dc_formula_term (dc_formula_id,dc_account_value_term_id,order_view) VALUES (302,997,4);
            INSERT INTO dcollectdb.dc_formula_term (dc_formula_id,dc_account_value_term_id,order_view) VALUES (302,1033,5);
            INSERT INTO dcollectdb.dc_formula_term (dc_formula_id,dc_account_value_term_id,order_view) VALUES (302,1069,6);
        
        --FORMULA DEL AÑO A LA FECHA DE TELEFONOS
            INSERT INTO dcollectdb.dc_formula (id,dc_owner_account_value_id,formula) VALUES (303,1106,'?+?+?+?+?+?');

            INSERT INTO dcollectdb.dc_formula_term (dc_formula_id,dc_account_value_term_id,order_view) VALUES (303,890,1);
            INSERT INTO dcollectdb.dc_formula_term (dc_formula_id,dc_account_value_term_id,order_view) VALUES (303,926,2);
            INSERT INTO dcollectdb.dc_formula_term (dc_formula_id,dc_account_value_term_id,order_view) VALUES (303,962,3);
            INSERT INTO dcollectdb.dc_formula_term (dc_formula_id,dc_account_value_term_id,order_view) VALUES (303,998,4);
            INSERT INTO dcollectdb.dc_formula_term (dc_formula_id,dc_account_value_term_id,order_view) VALUES (303,1034,5);
            INSERT INTO dcollectdb.dc_formula_term (dc_formula_id,dc_account_value_term_id,order_view) VALUES (303,1070,6);
        
        --FORMULA DEL AÑO A LA FECHA DE CORREOS FLETES Y ACARREOS
            INSERT INTO dcollectdb.dc_formula (id,dc_owner_account_value_id,formula) VALUES (304,1107,'?+?+?+?+?+?');

            INSERT INTO dcollectdb.dc_formula_term (dc_formula_id,dc_account_value_term_id,order_view) VALUES (304,891,1);
            INSERT INTO dcollectdb.dc_formula_term (dc_formula_id,dc_account_value_term_id,order_view) VALUES (304,927,2);
            INSERT INTO dcollectdb.dc_formula_term (dc_formula_id,dc_account_value_term_id,order_view) VALUES (304,963,3);
            INSERT INTO dcollectdb.dc_formula_term (dc_formula_id,dc_account_value_term_id,order_view) VALUES (304,999,4);
            INSERT INTO dcollectdb.dc_formula_term (dc_formula_id,dc_account_value_term_id,order_view) VALUES (304,1035,5);
            INSERT INTO dcollectdb.dc_formula_term (dc_formula_id,dc_account_value_term_id,order_view) VALUES (304,1071,6);
        
        --FORMULA DEL AÑO A LA FECHA DE ENTRETENIMIENTO
            INSERT INTO dcollectdb.dc_formula (id,dc_owner_account_value_id,formula) VALUES (305,1108,'?+?+?+?+?+?');

            INSERT INTO dcollectdb.dc_formula_term (dc_formula_id,dc_account_value_term_id,order_view) VALUES (305,892,1);
            INSERT INTO dcollectdb.dc_formula_term (dc_formula_id,dc_account_value_term_id,order_view) VALUES (305,928,2);
            INSERT INTO dcollectdb.dc_formula_term (dc_formula_id,dc_account_value_term_id,order_view) VALUES (305,964,3);
            INSERT INTO dcollectdb.dc_formula_term (dc_formula_id,dc_account_value_term_id,order_view) VALUES (305,1000,4);
            INSERT INTO dcollectdb.dc_formula_term (dc_formula_id,dc_account_value_term_id,order_view) VALUES (305,1036,5);
            INSERT INTO dcollectdb.dc_formula_term (dc_formula_id,dc_account_value_term_id,order_view) VALUES (305,1072,6);
        
        --FORMULA DEL AÑO A LA FECHA DE SERVICIOS DE PROCESAMIENTO DE DATOS
            INSERT INTO dcollectdb.dc_formula (id,dc_owner_account_value_id,formula) VALUES (306,1109,'?+?+?+?+?+?');

            INSERT INTO dcollectdb.dc_formula_term (dc_formula_id,dc_account_value_term_id,order_view) VALUES (306,893,1);
            INSERT INTO dcollectdb.dc_formula_term (dc_formula_id,dc_account_value_term_id,order_view) VALUES (306,929,2);
            INSERT INTO dcollectdb.dc_formula_term (dc_formula_id,dc_account_value_term_id,order_view) VALUES (306,965,3);
            INSERT INTO dcollectdb.dc_formula_term (dc_formula_id,dc_account_value_term_id,order_view) VALUES (306,1001,4);
            INSERT INTO dcollectdb.dc_formula_term (dc_formula_id,dc_account_value_term_id,order_view) VALUES (306,1037,5);
            INSERT INTO dcollectdb.dc_formula_term (dc_formula_id,dc_account_value_term_id,order_view) VALUES (306,1073,6);
        
        --FORMULA DEL AÑO A LA FECHA DE MISCELANEOS
            INSERT INTO dcollectdb.dc_formula (id,dc_owner_account_value_id,formula) VALUES (307,1110,'?+?+?');

            INSERT INTO dcollectdb.dc_formula_term (dc_formula_id,dc_account_value_term_id,order_view) VALUES (307,894,1);
            INSERT INTO dcollectdb.dc_formula_term (dc_formula_id,dc_account_value_term_id,order_view) VALUES (307,930,2);
            INSERT INTO dcollectdb.dc_formula_term (dc_formula_id,dc_account_value_term_id,order_view) VALUES (307,966,3);
            INSERT INTO dcollectdb.dc_formula_term (dc_formula_id,dc_account_value_term_id,order_view) VALUES (307,1002,4);
            INSERT INTO dcollectdb.dc_formula_term (dc_formula_id,dc_account_value_term_id,order_view) VALUES (307,1038,5);
            INSERT INTO dcollectdb.dc_formula_term (dc_formula_id,dc_account_value_term_id,order_view) VALUES (307,1074,6);
        
        --FORMULA DEL AÑO A LA FECHA DE TOTAL DE GASTOS SEMIFIJOS
            INSERT INTO dcollectdb.dc_formula (id,dc_owner_account_value_id,formula) VALUES (308,1093,'?+?+?+?+?+?+?+?+?+?+?+?+?+?+?+?+?');

            INSERT INTO dcollectdb.dc_formula_term (dc_formula_id,dc_account_value_term_id,order_view) VALUES (308,1094,1);
            INSERT INTO dcollectdb.dc_formula_term (dc_formula_id,dc_account_value_term_id,order_view) VALUES (308,1095,2);
            INSERT INTO dcollectdb.dc_formula_term (dc_formula_id,dc_account_value_term_id,order_view) VALUES (308,1096,3);
            INSERT INTO dcollectdb.dc_formula_term (dc_formula_id,dc_account_value_term_id,order_view) VALUES (308,1097,4);
            INSERT INTO dcollectdb.dc_formula_term (dc_formula_id,dc_account_value_term_id,order_view) VALUES (308,1098,5);
            INSERT INTO dcollectdb.dc_formula_term (dc_formula_id,dc_account_value_term_id,order_view) VALUES (308,1099,6);
            INSERT INTO dcollectdb.dc_formula_term (dc_formula_id,dc_account_value_term_id,order_view) VALUES (308,1100,7);
            INSERT INTO dcollectdb.dc_formula_term (dc_formula_id,dc_account_value_term_id,order_view) VALUES (308,1101,8);
            INSERT INTO dcollectdb.dc_formula_term (dc_formula_id,dc_account_value_term_id,order_view) VALUES (308,1102,9);
            INSERT INTO dcollectdb.dc_formula_term (dc_formula_id,dc_account_value_term_id,order_view) VALUES (308,1103,10);
            INSERT INTO dcollectdb.dc_formula_term (dc_formula_id,dc_account_value_term_id,order_view) VALUES (308,1104,11);
            INSERT INTO dcollectdb.dc_formula_term (dc_formula_id,dc_account_value_term_id,order_view) VALUES (308,1105,12);
            INSERT INTO dcollectdb.dc_formula_term (dc_formula_id,dc_account_value_term_id,order_view) VALUES (308,1106,13);
            INSERT INTO dcollectdb.dc_formula_term (dc_formula_id,dc_account_value_term_id,order_view) VALUES (308,1107,14);
            INSERT INTO dcollectdb.dc_formula_term (dc_formula_id,dc_account_value_term_id,order_view) VALUES (308,1108,15);
            INSERT INTO dcollectdb.dc_formula_term (dc_formula_id,dc_account_value_term_id,order_view) VALUES (308,1109,16);
            INSERT INTO dcollectdb.dc_formula_term (dc_formula_id,dc_account_value_term_id,order_view) VALUES (308,1110,17);

    --GANANCIAS BRUTAS VENTAS %
        INSERT INTO dcollectdb.dc_account_value (id,dc_account_id,dc_type_account_value_id) VALUES (1111,237,30);
        INSERT INTO dcollectdb.dc_account_value (id,dc_account_id,dc_type_account_value_id) VALUES (1112,238,30);
        INSERT INTO dcollectdb.dc_account_value (id,dc_account_id,dc_type_account_value_id) VALUES (1113,239,30);
        INSERT INTO dcollectdb.dc_account_value (id,dc_account_id,dc_type_account_value_id) VALUES (1114,240,30);
        INSERT INTO dcollectdb.dc_account_value (id,dc_account_id,dc_type_account_value_id) VALUES (1115,241,30);
        INSERT INTO dcollectdb.dc_account_value (id,dc_account_id,dc_type_account_value_id) VALUES (1116,242,30);
        INSERT INTO dcollectdb.dc_account_value (id,dc_account_id,dc_type_account_value_id) VALUES (1117,243,30);
        INSERT INTO dcollectdb.dc_account_value (id,dc_account_id,dc_type_account_value_id) VALUES (1118,244,30);
        INSERT INTO dcollectdb.dc_account_value (id,dc_account_id,dc_type_account_value_id) VALUES (1119,245,30);
        INSERT INTO dcollectdb.dc_account_value (id,dc_account_id,dc_type_account_value_id) VALUES (1120,246,30);
        INSERT INTO dcollectdb.dc_account_value (id,dc_account_id,dc_type_account_value_id) VALUES (1121,247,30);
        INSERT INTO dcollectdb.dc_account_value (id,dc_account_id,dc_type_account_value_id) VALUES (1122,248,30);
        INSERT INTO dcollectdb.dc_account_value (id,dc_account_id,dc_type_account_value_id) VALUES (1123,249,30);
        INSERT INTO dcollectdb.dc_account_value (id,dc_account_id,dc_type_account_value_id) VALUES (1124,250,30);
        INSERT INTO dcollectdb.dc_account_value (id,dc_account_id,dc_type_account_value_id) VALUES (1125,251,30);
        INSERT INTO dcollectdb.dc_account_value (id,dc_account_id,dc_type_account_value_id) VALUES (1126,252,30);
        INSERT INTO dcollectdb.dc_account_value (id,dc_account_id,dc_type_account_value_id) VALUES (1127,253,30);
        INSERT INTO dcollectdb.dc_account_value (id,dc_account_id,dc_type_account_value_id) VALUES (1128,254,30);
        
        --FORMULA DE GANANCIAS BRUTAS VENTAS % DE GASTOS DE VEHICULOS DE LA COMPAÑIA        
            INSERT INTO dcollectdb.dc_formula (id,dc_owner_account_value_id,formula) VALUES (309,1112,'?/?');

            INSERT INTO dcollectdb.dc_formula_term (dc_formula_id,dc_account_value_term_id,order_view) VALUES (309,1094,1);
            INSERT INTO dcollectdb.dc_formula_term (dc_formula_id,dc_account_value_term_id,order_view) VALUES (309,639,2);

        --FORMULA DE GANANCIAS BRUTAS VENTAS % DE PAPELERIA Y ART DE OFICINA
            INSERT INTO dcollectdb.dc_formula (id,dc_owner_account_value_id,formula) VALUES (310,1113,'?/?');

            INSERT INTO dcollectdb.dc_formula_term (dc_formula_id,dc_account_value_term_id,order_view) VALUES (310,1095,1);
            INSERT INTO dcollectdb.dc_formula_term (dc_formula_id,dc_account_value_term_id,order_view) VALUES (310,639,2);

        --FORMULA DE GANANCIAS BRUTAS VENTAS % DE OTROS SUMINISTROS Y HERRAMIENTAS
            INSERT INTO dcollectdb.dc_formula (id,dc_owner_account_value_id,formula) VALUES (311,1114,'?/?');

            INSERT INTO dcollectdb.dc_formula_term (dc_formula_id,dc_account_value_term_id,order_view) VALUES (311,1096,1);
            INSERT INTO dcollectdb.dc_formula_term (dc_formula_id,dc_account_value_term_id,order_view) VALUES (311,639,2);

        --FORMULA DE GANANCIAS BRUTAS VENTAS % DE PUBLICIDAD SERVICIO, CARROCERIAS, REF Y ACC
            INSERT INTO dcollectdb.dc_formula (id,dc_owner_account_value_id,formula) VALUES (312,1115,'?/?');

            INSERT INTO dcollectdb.dc_formula_term (dc_formula_id,dc_account_value_term_id,order_view) VALUES (312,1097,1);
            INSERT INTO dcollectdb.dc_formula_term (dc_formula_id,dc_account_value_term_id,order_view) VALUES (312,639,2);

        --FORMULA DE GANANCIAS BRUTAS VENTAS % DE CUENTAS MALAS
            INSERT INTO dcollectdb.dc_formula (id,dc_owner_account_value_id,formula) VALUES (313,1116,'?/?');

            INSERT INTO dcollectdb.dc_formula_term (dc_formula_id,dc_account_value_term_id,order_view) VALUES (313,1098,1);
            INSERT INTO dcollectdb.dc_formula_term (dc_formula_id,dc_account_value_term_id,order_view) VALUES (313,639,2);

        --FORMULA DE GANANCIAS BRUTAS VENTAS % DE DONATIVOS
            INSERT INTO dcollectdb.dc_formula (id,dc_owner_account_value_id,formula) VALUES (314,1117,'?/?');

            INSERT INTO dcollectdb.dc_formula_term (dc_formula_id,dc_account_value_term_id,order_view) VALUES (314,1099,1);
            INSERT INTO dcollectdb.dc_formula_term (dc_formula_id,dc_account_value_term_id,order_view) VALUES (314,639,2);

        --FORMULA DE GANANCIAS BRUTAS VENTAS % DE GASTOS DE GARANTIAS
            INSERT INTO dcollectdb.dc_formula (id,dc_owner_account_value_id,formula) VALUES (315,1118,'?/?');

            INSERT INTO dcollectdb.dc_formula_term (dc_formula_id,dc_account_value_term_id,order_view) VALUES (315,1100,1);
            INSERT INTO dcollectdb.dc_formula_term (dc_formula_id,dc_account_value_term_id,order_view) VALUES (315,639,2);
        
        --FORMULA DE GANANCIAS BRUTAS VENTAS % DE SERVICIOS EXTERNOS
            INSERT INTO dcollectdb.dc_formula (id,dc_owner_account_value_id,formula) VALUES (316,1119,'?/?');

            INSERT INTO dcollectdb.dc_formula_term (dc_formula_id,dc_account_value_term_id,order_view) VALUES (316,1101,1);
            INSERT INTO dcollectdb.dc_formula_term (dc_formula_id,dc_account_value_term_id,order_view) VALUES (316,639,2);
        
        --FORMULA DE GANANCIAS BRUTAS VENTAS % DE LAVANDERIA Y UNIFORMES
            INSERT INTO dcollectdb.dc_formula (id,dc_owner_account_value_id,formula) VALUES (317,1120,'?/?');

            INSERT INTO dcollectdb.dc_formula_term (dc_formula_id,dc_account_value_term_id,order_view) VALUES (317,1102,1);
            INSERT INTO dcollectdb.dc_formula_term (dc_formula_id,dc_account_value_term_id,order_view) VALUES (317,639,2);
        
        --FORMULA DE GANANCIAS BRUTAS VENTAS % DE VIAJES Y ENTRETENIMIENTO
            INSERT INTO dcollectdb.dc_formula (id,dc_owner_account_value_id,formula) VALUES (318,1121,'?/?');

            INSERT INTO dcollectdb.dc_formula_term (dc_formula_id,dc_account_value_term_id,order_view) VALUES (318,1103,1);
            INSERT INTO dcollectdb.dc_formula_term (dc_formula_id,dc_account_value_term_id,order_view) VALUES (318,639,2);
        
        --FORMULA DE GANANCIAS BRUTAS VENTAS % DE MEMBRESIA CUOTAS Y PUBLICACIONES
            INSERT INTO dcollectdb.dc_formula (id,dc_owner_account_value_id,formula) VALUES (319,1122,'?/?');

            INSERT INTO dcollectdb.dc_formula_term (dc_formula_id,dc_account_value_term_id,order_view) VALUES (319,1104,1);
            INSERT INTO dcollectdb.dc_formula_term (dc_formula_id,dc_account_value_term_id,order_view) VALUES (319,639,2);
        
        --FORMULA DE GANANCIAS BRUTAS VENTAS % DE SERVICIOS LEGALES Y DE AUDITORIA        
            INSERT INTO dcollectdb.dc_formula (id,dc_owner_account_value_id,formula) VALUES (320,1123,'?/?');

            INSERT INTO dcollectdb.dc_formula_term (dc_formula_id,dc_account_value_term_id,order_view) VALUES (320,1105,1);
            INSERT INTO dcollectdb.dc_formula_term (dc_formula_id,dc_account_value_term_id,order_view) VALUES (320,639,2);
        
        --FORMULA DE GANANCIAS BRUTAS VENTAS % DE TELEFONOS
            INSERT INTO dcollectdb.dc_formula (id,dc_owner_account_value_id,formula) VALUES (321,1124,'?/?');

            INSERT INTO dcollectdb.dc_formula_term (dc_formula_id,dc_account_value_term_id,order_view) VALUES (321,1106,1);
            INSERT INTO dcollectdb.dc_formula_term (dc_formula_id,dc_account_value_term_id,order_view) VALUES (321,639,2);

        --FORMULA DE GANANCIAS BRUTAS VENTAS % DE CORREOS FLETES Y ACARREOS
            INSERT INTO dcollectdb.dc_formula (id,dc_owner_account_value_id,formula) VALUES (322,1125,'?/?');

            INSERT INTO dcollectdb.dc_formula_term (dc_formula_id,dc_account_value_term_id,order_view) VALUES (322,1106,1);
            INSERT INTO dcollectdb.dc_formula_term (dc_formula_id,dc_account_value_term_id,order_view) VALUES (322,639,2);

        --FORMULA DE GANANCIAS BRUTAS VENTAS % DE ENTRETENIMIENTO
            INSERT INTO dcollectdb.dc_formula (id,dc_owner_account_value_id,formula) VALUES (323,1126,'?/?');

            INSERT INTO dcollectdb.dc_formula_term (dc_formula_id,dc_account_value_term_id,order_view) VALUES (323,1107,1);
            INSERT INTO dcollectdb.dc_formula_term (dc_formula_id,dc_account_value_term_id,order_view) VALUES (323,639,2);

        --FORMULA DE GANANCIAS BRUTAS VENTAS % DE SERVICIOS DE PROCESAMIENTO DE DATOS
            INSERT INTO dcollectdb.dc_formula (id,dc_owner_account_value_id,formula) VALUES (324,1127,'?/?');

            INSERT INTO dcollectdb.dc_formula_term (dc_formula_id,dc_account_value_term_id,order_view) VALUES (324,1108,1);
            INSERT INTO dcollectdb.dc_formula_term (dc_formula_id,dc_account_value_term_id,order_view) VALUES (324,639,2);

        --FORMULA DE GANANCIAS BRUTAS VENTAS % DE MISCELANEOS
            INSERT INTO dcollectdb.dc_formula (id,dc_owner_account_value_id,formula) VALUES (325,1128,'?/?');

            INSERT INTO dcollectdb.dc_formula_term (dc_formula_id,dc_account_value_term_id,order_view) VALUES (325,1109,1);
            INSERT INTO dcollectdb.dc_formula_term (dc_formula_id,dc_account_value_term_id,order_view) VALUES (325,639,2);

        --FORMULA DE GANANCIAS BRUTAS VENTAS % DE TOTAL DE GASTOS SEMIFIJOS
            INSERT INTO dcollectdb.dc_formula (id,dc_owner_account_value_id,formula) VALUES (326,1111,'?/?');

            INSERT INTO dcollectdb.dc_formula_term (dc_formula_id,dc_account_value_term_id,order_view) VALUES (326,1093,1);
            INSERT INTO dcollectdb.dc_formula_term (dc_formula_id,dc_account_value_term_id,order_view) VALUES (326,639,2);
    